2019-01-10,180,2,9,5,1,8,6,4,7,3,10
2019-01-10,179,10,8,1,6,3,9,5,4,7,2
2019-01-10,178,10,1,7,8,5,4,9,3,2,6
2019-01-10,177,4,9,6,8,1,5,10,2,3,7
2019-01-10,176,6,9,4,7,5,8,2,10,1,3
2019-01-10,175,4,9,10,7,2,5,1,6,3,8
2019-01-10,174,10,8,4,9,1,2,6,7,3,5
2019-01-10,173,10,4,6,7,9,5,3,8,2,1
2019-01-10,172,5,6,1,3,9,10,7,2,8,4
2019-01-10,171,7,2,3,10,4,9,1,8,5,6
2019-01-10,170,8,2,4,3,6,7,10,1,9,5
2019-01-10,169,8,7,10,2,9,6,4,3,1,5
2019-01-10,168,2,3,9,6,8,1,4,7,5,10
2019-01-10,167,10,2,8,9,7,1,4,3,5,6
2019-01-10,166,2,7,1,4,9,10,8,5,6,3
2019-01-10,165,6,8,2,4,3,7,10,5,1,9
2019-01-10,164,1,2,7,5,10,4,6,9,3,8
2019-01-10,163,3,4,9,8,6,7,2,1,10,5
2019-01-10,162,7,5,2,9,10,1,4,8,3,6
2019-01-10,161,9,10,8,6,2,3,5,1,4,7
2019-01-10,160,8,9,2,6,1,10,3,4,7,5
2019-01-10,159,7,8,4,5,9,6,1,3,10,2
2019-01-10,158,1,4,5,10,7,3,9,2,8,6
2019-01-10,157,10,8,7,3,1,2,4,9,5,6
2019-01-10,156,8,7,9,10,3,5,2,1,6,4
2019-01-10,155,5,4,6,7,10,1,3,8,2,9
2019-01-10,154,7,6,5,8,10,3,9,2,4,1
2019-01-10,153,6,10,5,4,3,8,2,9,7,1
2019-01-10,152,3,2,6,5,9,4,7,1,10,8
2019-01-10,151,1,3,7,9,10,5,2,8,4,6
2019-01-10,150,10,4,3,2,6,1,5,9,8,7
2019-01-10,149,9,3,2,6,4,1,7,5,10,8
2019-01-10,148,2,8,9,10,7,3,5,6,1,4
2019-01-10,147,6,9,3,5,4,8,2,1,7,10
2019-01-10,146,2,4,6,3,5,10,7,8,1,9
2019-01-10,145,4,3,2,10,8,7,6,5,9,1
2019-01-10,144,2,8,6,3,9,1,4,7,5,10
2019-01-10,143,5,8,2,9,7,6,3,10,1,4
2019-01-10,142,4,5,6,7,9,10,3,2,8,1
2019-01-10,141,8,1,6,4,3,5,2,9,10,7
2019-01-10,140,3,1,7,9,5,8,6,4,2,10
2019-01-10,139,3,1,7,4,10,2,9,6,8,5
2019-01-10,138,4,7,3,5,2,8,10,6,9,1
2019-01-10,137,2,1,5,9,4,7,6,10,3,8
2019-01-10,136,8,3,5,10,4,7,6,9,2,1
2019-01-10,135,5,8,2,4,9,7,6,3,1,10
2019-01-10,134,5,8,4,2,6,10,3,7,1,9
2019-01-10,133,4,1,5,3,8,10,7,9,6,2
2019-01-10,132,5,8,3,1,10,7,9,6,4,2
2019-01-10,131,3,1,7,6,5,8,4,10,2,9
2019-01-10,130,10,7,1,3,2,6,8,4,9,5
2019-01-10,129,9,6,2,3,8,10,7,5,1,4
2019-01-10,128,8,5,3,7,1,6,10,2,4,9
2019-01-10,127,9,7,1,5,2,4,10,3,8,6
2019-01-10,126,5,10,3,6,2,9,1,4,7,8
2019-01-10,125,10,7,3,8,5,9,1,6,2,4
2019-01-10,124,3,9,7,6,2,1,8,4,5,10
2019-01-10,123,1,3,9,2,6,5,8,10,4,7
2019-01-10,122,1,7,10,6,8,3,5,2,4,9
2019-01-10,121,2,9,6,4,10,1,8,7,5,3
2019-01-10,120,4,9,3,10,8,2,5,1,7,6
2019-01-10,119,3,1,9,4,6,5,8,7,10,2
2019-01-10,118,7,10,5,6,8,1,9,4,3,2
2019-01-10,117,3,6,5,9,7,1,10,4,8,2
2019-01-10,116,5,6,3,10,9,7,1,8,2,4
2019-01-10,115,7,5,8,1,2,9,4,10,3,6
2019-01-10,114,5,1,7,6,8,4,3,9,10,2
2019-01-10,113,8,5,2,9,6,1,3,7,10,4
2019-01-10,112,3,8,7,1,9,6,4,10,5,2
2019-01-10,111,3,4,9,1,7,10,6,8,5,2
2019-01-10,110,1,4,7,3,5,10,6,9,8,2
2019-01-10,109,10,9,2,3,5,7,4,8,1,6
2019-01-10,108,6,9,10,2,1,7,8,5,3,4
2019-01-10,107,1,6,10,2,3,4,8,9,5,7
2019-01-10,106,2,9,7,10,1,6,5,3,8,4
2019-01-10,105,10,9,8,6,3,1,4,2,5,7
2019-01-10,104,6,9,2,5,4,7,1,10,8,3
2019-01-10,103,1,8,2,10,9,6,4,5,3,7
2019-01-10,102,10,2,1,4,5,3,7,8,6,9
2019-01-10,101,3,6,2,4,10,5,8,9,7,1
2019-01-10,100,10,9,6,4,2,1,8,5,3,7
2019-01-10,99,4,5,1,9,3,8,6,10,7,2
2019-01-10,98,8,7,9,2,6,1,10,4,3,5
2019-01-10,97,3,6,9,10,4,1,7,2,8,5
2019-01-10,96,9,3,5,8,4,6,10,2,1,7
2019-01-10,95,5,10,2,3,4,6,9,8,1,7
2019-01-10,94,5,2,7,8,3,4,6,10,9,1
2019-01-10,93,5,2,1,8,7,6,3,4,10,9
2019-01-10,92,6,8,2,1,4,9,7,3,10,5
2019-01-10,91,5,10,2,7,3,9,8,1,6,4
2019-01-10,90,8,5,2,10,3,6,4,1,7,9
2019-01-10,89,1,9,4,10,7,6,8,5,3,2
2019-01-10,88,8,1,5,4,2,6,7,10,3,9
2019-01-10,87,2,8,9,1,6,7,3,5,10,4
2019-01-10,86,1,3,7,6,9,5,2,4,10,8
2019-01-10,85,3,9,6,5,1,7,2,8,10,4
2019-01-10,84,10,8,4,5,3,1,2,6,7,9
2019-01-10,83,2,9,8,5,4,10,7,3,1,6
2019-01-10,82,3,6,4,8,7,10,5,1,2,9
2019-01-10,81,1,2,9,5,4,3,6,7,10,8
2019-01-10,80,3,2,9,5,10,8,1,7,4,6
2019-01-10,79,9,6,3,7,10,1,2,5,4,8
2019-01-10,78,9,7,10,2,8,6,5,3,4,1
2019-01-10,77,7,3,1,10,6,4,5,8,9,2
2019-01-10,76,9,6,10,8,1,7,5,4,2,3
2019-01-10,75,5,8,10,7,4,1,6,3,2,9
2019-01-10,74,4,1,7,10,8,5,2,3,6,9
2019-01-10,73,6,2,8,5,1,10,7,4,3,9
2019-01-10,72,3,7,2,10,1,6,5,9,4,8
2019-01-10,71,9,7,6,5,3,1,8,2,4,10
2019-01-10,70,8,1,4,2,5,9,6,7,3,10
2019-01-10,69,10,1,7,5,8,3,9,4,6,2
2019-01-10,68,3,7,5,2,10,6,9,1,8,4
2019-01-10,67,6,8,9,3,7,2,1,5,10,4
2019-01-10,66,6,2,4,3,10,9,1,7,8,5
2019-01-10,65,9,5,1,3,8,2,10,6,4,7
2019-01-10,64,2,7,4,5,10,9,6,3,1,8
2019-01-10,63,8,5,1,2,9,6,10,3,7,4
2019-01-10,62,2,7,8,3,6,9,5,10,1,4
2019-01-10,61,6,10,4,3,7,9,1,2,8,5
2019-01-10,60,4,1,3,5,2,10,9,6,7,8
2019-01-10,59,7,8,9,5,4,1,10,3,6,2
2019-01-10,58,8,3,1,6,9,2,4,5,10,7
2019-01-10,57,6,4,1,3,7,2,9,8,10,5
2019-01-10,56,7,2,9,8,5,6,4,10,3,1
2019-01-10,55,10,9,4,8,1,5,3,6,7,2
2019-01-10,54,1,4,7,10,8,2,3,5,9,6
2019-01-10,53,10,3,4,2,1,6,9,7,8,5
2019-01-10,52,4,8,10,2,5,7,6,9,3,1
2019-01-10,51,4,10,9,2,1,6,5,7,8,3
2019-01-10,50,6,1,3,8,4,5,10,9,7,2
2019-01-10,49,2,9,7,1,5,6,4,3,8,10
2019-01-10,48,7,1,5,2,4,3,8,6,10,9
2019-01-10,47,1,7,3,5,4,2,9,10,6,8
2019-01-10,46,1,10,9,6,7,2,5,8,3,4
2019-01-10,45,8,2,9,4,6,1,10,3,7,5
2019-01-10,44,4,6,10,2,5,9,7,3,1,8
2019-01-10,43,4,7,8,10,6,5,1,9,2,3
2019-01-10,42,3,7,4,10,8,9,1,6,2,5
2019-01-10,41,3,1,8,2,9,4,6,5,10,7
2019-01-10,40,10,9,1,2,7,8,6,4,3,5
2019-01-10,39,10,1,5,7,9,4,8,2,6,3
2019-01-10,38,6,8,10,1,7,9,2,4,5,3
2019-01-10,37,9,7,5,8,10,1,2,3,4,6
2019-01-10,36,1,4,6,3,8,2,10,9,7,5
2019-01-10,35,3,6,8,4,2,7,5,10,9,1
2019-01-10,34,3,7,1,5,6,9,2,8,4,10
2019-01-10,33,4,10,7,9,6,2,5,8,1,3
2019-01-10,32,10,2,4,9,6,5,7,8,3,1
2019-01-10,31,6,10,1,3,4,9,7,2,5,8
2019-01-10,30,6,10,1,7,4,8,9,5,2,3
2019-01-10,29,9,2,1,5,3,10,6,8,7,4
2019-01-10,28,3,4,6,9,2,1,8,5,10,7
2019-01-10,27,10,7,8,4,2,3,5,1,9,6
2019-01-10,26,6,3,5,9,8,10,2,7,1,4
2019-01-10,25,8,1,9,6,4,3,2,5,10,7
2019-01-10,24,4,10,6,8,1,5,3,7,9,2
2019-01-10,23,10,3,4,7,5,9,6,2,1,8
2019-01-10,22,3,7,6,8,1,9,10,2,5,4
2019-01-10,21,5,3,4,1,8,10,6,2,7,9
2019-01-10,20,1,7,8,9,5,2,4,10,3,6
2019-01-10,19,3,9,5,4,7,1,10,2,8,6
2019-01-10,18,3,7,10,2,5,4,8,9,1,6
2019-01-10,17,2,9,8,1,3,5,7,10,4,6
2019-01-10,16,4,2,10,9,5,7,3,1,6,8
2019-01-10,15,1,7,10,2,6,5,3,4,9,8
2019-01-10,14,9,10,6,3,2,4,1,5,8,7
2019-01-10,13,3,10,4,2,6,1,7,8,5,9
2019-01-10,12,5,4,1,7,2,8,10,6,9,3
2019-01-10,11,7,3,4,10,2,9,6,5,1,8
2019-01-10,10,8,7,9,5,10,2,3,1,6,4
2019-01-10,9,3,6,9,4,8,10,5,1,2,7
2019-01-10,8,10,7,3,9,5,2,8,4,6,1
2019-01-10,7,5,2,1,9,4,6,8,10,7,3
2019-01-10,6,3,10,5,8,9,7,6,2,4,1
2019-01-10,5,6,1,5,9,7,2,8,4,10,3
2019-01-10,4,1,10,2,8,4,9,7,6,5,3
2019-01-10,3,3,9,2,6,4,7,10,8,1,5
2019-01-10,2,8,10,7,4,5,2,9,1,6,3
2019-01-10,1,8,6,2,10,3,1,7,5,9,4
2019-01-09,180,4,1,3,6,7,8,5,10,2,9
2019-01-09,179,6,2,3,8,1,4,7,10,5,9
2019-01-09,178,6,3,7,2,9,1,5,8,10,4
2019-01-09,177,7,3,6,5,2,4,10,1,8,9
2019-01-09,176,2,5,4,6,10,8,7,1,9,3
2019-01-09,175,1,10,8,7,5,9,6,3,2,4
2019-01-09,174,5,3,6,7,10,8,9,1,4,2
2019-01-09,173,10,5,1,3,8,2,4,9,6,7
2019-01-09,172,9,6,8,3,7,4,10,5,2,1
2019-01-09,171,5,8,7,9,4,1,6,2,3,10
2019-01-09,170,1,4,9,2,8,6,10,7,3,5
2019-01-09,169,7,10,1,4,9,8,6,3,5,2
2019-01-09,168,8,6,3,2,10,9,7,5,1,4
2019-01-09,167,5,1,2,9,10,7,6,4,3,8
2019-01-09,166,9,1,6,3,4,7,10,5,2,8
2019-01-09,165,3,9,8,7,6,5,4,2,1,10
2019-01-09,164,10,2,7,8,1,4,9,5,3,6
2019-01-09,163,7,2,10,6,9,3,8,4,1,5
2019-01-09,162,6,5,2,9,4,1,8,7,3,10
2019-01-09,161,7,2,4,6,3,9,1,10,5,8
2019-01-09,160,8,10,7,6,4,9,5,3,1,2
2019-01-09,159,1,10,9,3,6,8,5,7,4,2
2019-01-09,158,5,7,9,10,4,1,2,8,3,6
2019-01-09,157,2,8,9,10,6,4,1,7,3,5
2019-01-09,156,1,2,6,8,5,10,3,7,4,9
2019-01-09,155,1,2,9,8,4,10,3,5,6,7
2019-01-09,154,5,3,6,10,4,8,1,7,2,9
2019-01-09,153,5,6,3,10,9,7,4,1,8,2
2019-01-09,152,5,1,10,8,9,3,7,6,4,2
2019-01-09,151,3,9,8,5,10,1,4,6,7,2
2019-01-09,150,6,7,10,5,1,8,4,2,3,9
2019-01-09,149,5,6,10,9,2,1,7,3,8,4
2019-01-09,148,5,6,4,10,1,8,3,7,2,9
2019-01-09,147,6,5,3,7,2,8,4,1,9,10
2019-01-09,146,7,5,8,10,2,6,1,9,4,3
2019-01-09,145,2,5,9,7,1,6,10,8,4,3
2019-01-09,144,10,2,7,6,4,3,1,8,5,9
2019-01-09,143,4,10,2,6,1,9,8,7,5,3
2019-01-09,142,4,5,1,10,7,2,8,6,3,9
2019-01-09,141,9,4,1,3,6,5,8,2,10,7
2019-01-09,140,6,1,7,5,3,9,10,2,8,4
2019-01-09,139,10,4,2,6,1,7,3,8,5,9
2019-01-09,138,3,4,9,10,2,8,6,5,7,1
2019-01-09,137,9,2,5,6,10,4,1,8,3,7
2019-01-09,136,6,1,9,2,4,10,5,3,8,7
2019-01-09,135,9,1,3,5,8,6,7,4,10,2
2019-01-09,134,1,6,5,10,2,9,8,7,4,3
2019-01-09,133,5,7,4,8,10,2,1,9,6,3
2019-01-09,132,5,10,7,4,3,6,1,2,8,9
2019-01-09,131,8,5,3,9,2,10,7,6,4,1
2019-01-09,130,2,3,6,10,1,8,5,4,7,9
2019-01-09,129,2,3,7,10,8,9,1,5,4,6
2019-01-09,128,4,7,8,6,10,1,2,5,9,3
2019-01-09,127,8,10,7,3,1,5,4,6,9,2
2019-01-09,126,1,6,3,5,8,4,2,10,9,7
2019-01-09,125,6,8,2,1,7,10,9,3,4,5
2019-01-09,124,5,6,3,2,8,10,1,4,9,7
2019-01-09,123,4,7,8,5,2,9,10,1,3,6
2019-01-09,122,1,6,7,3,4,9,8,2,10,5
2019-01-09,121,6,2,3,9,5,10,8,4,1,7
2019-01-09,120,10,4,2,9,7,8,5,3,1,6
2019-01-09,119,6,4,2,7,1,9,8,3,5,10
2019-01-09,118,3,2,9,1,10,4,7,8,5,6
2019-01-09,117,5,10,6,9,3,1,4,7,2,8
2019-01-09,116,6,4,3,8,1,5,7,9,10,2
2019-01-09,115,3,5,2,6,4,7,1,10,8,9
2019-01-09,114,8,6,2,3,4,10,1,9,5,7
2019-01-09,113,3,7,8,1,5,2,4,9,6,10
2019-01-09,112,5,3,4,8,9,10,2,7,6,1
2019-01-09,111,10,8,6,9,1,4,5,3,7,2
2019-01-09,110,7,3,8,5,9,1,2,10,6,4
2019-01-09,109,2,10,5,1,4,7,6,8,9,3
2019-01-09,108,6,7,10,4,5,3,9,2,8,1
2019-01-09,107,2,8,4,1,9,3,5,7,10,6
2019-01-09,106,5,8,3,10,4,6,9,2,7,1
2019-01-09,105,7,5,6,8,10,9,2,1,4,3
2019-01-09,104,6,8,2,1,9,4,5,7,10,3
2019-01-09,103,9,4,10,6,3,5,1,7,2,8
2019-01-09,102,10,9,6,8,3,1,7,2,5,4
2019-01-09,101,8,1,9,10,2,5,4,6,7,3
2019-01-09,100,1,7,3,4,9,2,8,10,6,5
2019-01-09,99,2,3,6,4,1,7,8,9,5,10
2019-01-09,98,10,9,8,4,2,5,7,6,3,1
2019-01-09,97,10,1,6,9,2,4,7,3,8,5
2019-01-09,96,9,4,3,6,5,8,7,1,10,2
2019-01-09,95,6,3,4,5,7,9,8,10,1,2
2019-01-09,94,4,9,5,6,8,3,7,1,10,2
2019-01-09,93,4,8,10,6,7,5,9,2,3,1
2019-01-09,92,1,10,5,4,3,7,6,2,9,8
2019-01-09,91,8,5,6,3,1,9,2,4,10,7
2019-01-09,90,6,9,1,8,4,7,3,10,5,2
2019-01-09,89,7,4,9,3,6,8,5,2,10,1
2019-01-09,88,8,3,7,6,9,4,2,10,1,5
2019-01-09,87,6,3,4,1,10,9,2,8,7,5
2019-01-09,86,5,7,2,8,10,4,3,1,6,9
2019-01-09,85,1,8,10,5,9,7,2,6,4,3
2019-01-09,84,3,7,8,4,9,2,5,6,10,1
2019-01-09,83,7,5,2,9,1,10,6,3,8,4
2019-01-09,82,3,2,1,5,8,4,9,7,10,6
2019-01-09,81,7,8,6,2,3,5,4,9,10,1
2019-01-09,80,4,10,3,6,7,1,5,2,8,9
2019-01-09,79,4,5,10,1,2,8,9,6,3,7
2019-01-09,78,2,10,3,9,6,1,5,7,8,4
2019-01-09,77,2,5,7,6,4,10,1,9,3,8
2019-01-09,76,5,4,3,6,10,8,2,9,7,1
2019-01-09,75,9,4,1,8,2,10,3,6,5,7
2019-01-09,74,2,1,8,6,4,9,7,5,10,3
2019-01-09,73,4,10,5,7,3,8,1,9,6,2
2019-01-09,72,8,10,9,4,7,5,6,3,1,2
2019-01-09,71,4,3,9,1,7,5,8,10,6,2
2019-01-09,70,8,7,5,10,1,9,3,2,6,4
2019-01-09,69,8,1,7,4,9,10,5,3,6,2
2019-01-09,68,8,4,5,9,7,2,6,1,10,3
2019-01-09,67,7,9,6,1,2,10,3,5,4,8
2019-01-09,66,2,6,9,7,4,10,8,5,1,3
2019-01-09,65,7,10,1,2,8,4,5,6,3,9
2019-01-09,64,6,1,3,2,10,8,9,4,5,7
2019-01-09,63,10,2,7,8,6,5,1,4,9,3
2019-01-09,62,5,2,9,1,3,10,8,6,7,4
2019-01-09,61,2,4,7,1,10,6,5,3,9,8
2019-01-09,60,2,5,6,8,7,4,1,10,3,9
2019-01-09,59,4,8,1,7,5,2,10,3,9,6
2019-01-09,58,8,5,3,10,6,2,1,4,9,7
2019-01-09,57,1,2,9,3,8,5,7,6,4,10
2019-01-09,56,8,2,5,7,9,6,3,1,10,4
2019-01-09,55,10,2,5,7,4,3,9,8,1,6
2019-01-09,54,2,7,3,5,8,6,9,4,1,10
2019-01-09,53,8,6,7,1,3,4,10,2,9,5
2019-01-09,52,9,8,10,1,6,7,2,5,3,4
2019-01-09,51,7,6,4,10,1,8,5,3,2,9
2019-01-09,50,6,8,4,1,10,2,5,9,3,7
2019-01-09,49,1,6,4,2,3,10,8,9,7,5
2019-01-09,48,4,5,10,6,1,3,8,7,9,2
2019-01-09,47,2,9,3,1,4,7,5,10,6,8
2019-01-09,46,3,8,4,5,10,6,9,2,7,1
2019-01-09,45,10,4,8,1,2,9,5,6,7,3
2019-01-09,44,10,8,2,7,5,4,3,9,6,1
2019-01-09,43,3,9,1,2,4,8,7,10,6,5
2019-01-09,42,9,6,4,2,5,7,3,1,10,8
2019-01-09,41,10,9,6,5,1,4,3,7,8,2
2019-01-09,40,4,7,6,3,10,8,9,5,1,2
2019-01-09,39,4,1,5,8,6,9,7,3,10,2
2019-01-09,38,9,10,1,5,4,7,8,6,2,3
2019-01-09,37,1,9,2,10,3,4,7,8,5,6
2019-01-09,36,3,2,10,8,4,6,7,5,9,1
2019-01-09,35,4,7,5,8,10,1,3,6,9,2
2019-01-09,34,10,9,6,8,2,4,7,5,1,3
2019-01-09,33,6,5,2,7,1,9,4,3,8,10
2019-01-09,32,2,5,4,6,9,1,8,10,7,3
2019-01-09,31,6,8,10,7,5,3,1,2,9,4
2019-01-09,30,1,10,3,6,8,5,7,4,9,2
2019-01-09,29,1,2,9,6,10,5,7,4,8,3
2019-01-09,28,4,1,9,8,7,2,6,3,10,5
2019-01-09,27,4,3,7,8,1,9,10,5,2,6
2019-01-09,26,5,8,10,4,6,9,1,3,2,7
2019-01-09,25,4,10,5,9,1,2,7,8,6,3
2019-01-09,24,3,8,7,9,10,4,1,6,2,5
2019-01-09,23,7,1,6,3,10,5,4,8,2,9
2019-01-09,22,9,8,5,10,6,3,7,4,1,2
2019-01-09,21,4,2,5,8,1,6,3,10,9,7
2019-01-09,20,7,3,8,1,4,5,2,6,9,10
2019-01-09,19,3,5,8,2,7,10,9,1,6,4
2019-01-09,18,6,3,7,1,4,9,5,10,2,8
2019-01-09,17,5,1,3,10,4,8,6,2,9,7
2019-01-09,16,9,7,6,1,8,2,3,4,10,5
2019-01-09,15,4,9,1,5,7,8,10,3,6,2
2019-01-09,14,5,7,10,6,2,3,1,8,9,4
2019-01-09,13,2,8,10,9,5,7,3,4,6,1
2019-01-09,12,4,10,2,6,8,1,7,5,3,9
2019-01-09,11,5,2,10,3,7,6,1,9,8,4
2019-01-09,10,8,5,10,1,2,6,3,4,9,7
2019-01-09,9,3,10,1,5,9,4,6,2,8,7
2019-01-09,8,9,1,4,3,7,10,2,5,6,8
2019-01-09,7,6,5,7,4,8,10,1,2,9,3
2019-01-09,6,10,5,3,6,2,4,9,7,1,8
2019-01-09,5,4,9,3,7,10,1,6,2,5,8
2019-01-09,4,5,7,9,2,3,6,8,1,4,10
2019-01-09,3,1,5,9,8,3,6,4,2,7,10
2019-01-09,2,7,9,10,6,4,3,8,5,2,1
2019-01-09,1,3,5,4,7,2,6,1,9,8,10
2019-01-08,180,1,5,3,10,6,9,8,4,7,2
2019-01-08,179,5,9,10,3,4,8,6,1,2,7
2019-01-08,178,4,8,1,5,10,6,2,3,9,7
2019-01-08,177,7,9,1,10,2,8,5,4,3,6
2019-01-08,176,6,8,3,4,1,5,7,2,10,9
2019-01-08,175,7,4,1,10,2,8,9,3,5,6
2019-01-08,174,1,6,4,10,7,5,8,9,3,2
2019-01-08,173,5,8,3,10,6,9,7,1,4,2
2019-01-08,172,10,6,5,3,7,8,1,9,4,2
2019-01-08,171,4,1,5,3,7,8,6,2,10,9
2019-01-08,170,5,4,2,1,9,3,6,8,10,7
2019-01-08,169,8,2,10,1,5,9,3,6,7,4
2019-01-08,168,5,8,7,2,6,4,3,10,9,1
2019-01-08,167,8,9,3,7,4,10,1,6,2,5
2019-01-08,166,10,1,4,3,2,7,5,9,8,6
2019-01-08,165,4,7,8,2,9,10,5,3,6,1
2019-01-08,164,3,6,2,4,8,5,9,1,10,7
2019-01-08,163,3,5,8,1,2,7,4,9,6,10
2019-01-08,162,7,9,5,1,4,3,6,2,8,10
2019-01-08,161,10,4,5,3,7,8,9,2,1,6
2019-01-08,160,7,8,10,2,6,4,9,5,1,3
2019-01-08,159,2,6,7,8,5,1,9,3,4,10
2019-01-08,158,2,3,8,7,10,9,1,5,6,4
2019-01-08,157,2,10,4,1,8,5,9,7,6,3
2019-01-08,156,9,5,6,7,2,10,4,3,8,1
2019-01-08,155,9,5,2,7,1,3,10,4,8,6
2019-01-08,154,9,8,6,5,4,3,1,10,2,7
2019-01-08,153,6,9,7,10,5,4,3,8,1,2
2019-01-08,152,1,4,8,7,6,3,9,2,5,10
2019-01-08,151,3,7,4,6,8,10,5,9,1,2
2019-01-08,150,8,4,6,9,5,2,1,3,7,10
2019-01-08,149,10,1,7,9,6,4,2,5,8,3
2019-01-08,148,5,6,9,7,3,4,8,1,2,10
2019-01-08,147,7,10,4,1,8,3,9,6,2,5
2019-01-08,146,5,1,3,6,2,8,4,7,9,10
2019-01-08,145,7,5,2,1,3,8,9,4,10,6
2019-01-08,144,8,4,9,2,7,3,5,1,10,6
2019-01-08,143,9,7,10,6,2,5,3,8,4,1
2019-01-08,142,3,4,10,9,5,8,1,6,2,7
2019-01-08,141,7,1,3,2,9,6,5,4,8,10
2019-01-08,140,5,1,6,2,4,8,7,3,9,10
2019-01-08,139,10,8,6,2,1,7,3,4,9,5
2019-01-08,138,1,5,3,4,8,7,10,9,6,2
2019-01-08,137,7,10,2,6,4,1,3,9,5,8
2019-01-08,136,3,2,6,4,5,9,7,10,8,1
2019-01-08,135,7,9,10,3,8,6,4,2,1,5
2019-01-08,134,4,8,6,10,7,9,2,5,3,1
2019-01-08,133,2,10,9,4,6,5,1,7,3,8
2019-01-08,132,3,9,8,1,4,5,7,10,6,2
2019-01-08,131,3,8,9,1,5,10,7,2,4,6
2019-01-08,130,3,8,4,5,10,6,1,2,9,7
2019-01-08,129,2,9,1,8,5,4,10,6,3,7
2019-01-08,128,2,6,9,8,5,4,1,7,10,3
2019-01-08,127,8,3,7,5,6,10,2,4,1,9
2019-01-08,126,10,8,9,6,4,2,5,1,3,7
2019-01-08,125,5,8,2,3,6,7,10,4,1,9
2019-01-08,124,8,7,2,9,1,6,3,4,10,5
2019-01-08,123,6,5,3,9,2,7,4,10,8,1
2019-01-08,122,8,5,1,2,6,9,10,3,4,7
2019-01-08,121,3,10,7,9,5,1,6,4,2,8
2019-01-08,120,8,7,5,9,4,1,3,2,10,6
2019-01-08,119,7,5,10,1,3,2,9,6,8,4
2019-01-08,118,2,8,1,10,7,3,5,4,6,9
2019-01-08,117,2,7,1,3,5,6,10,4,8,9
2019-01-08,116,2,6,4,1,5,10,9,3,8,7
2019-01-08,115,5,1,4,2,3,10,9,6,8,7
2019-01-08,114,4,2,5,6,8,9,10,7,1,3
2019-01-08,113,5,9,6,7,2,1,4,10,8,3
2019-01-08,112,1,9,7,5,2,6,8,3,4,10
2019-01-08,111,8,9,4,7,6,10,2,5,1,3
2019-01-08,110,3,10,1,8,2,7,6,5,4,9
2019-01-08,109,6,8,5,9,1,7,10,3,2,4
2019-01-08,108,9,7,6,4,8,1,10,2,3,5
2019-01-08,107,7,9,5,8,3,2,10,4,1,6
2019-01-08,106,3,4,7,8,10,1,6,5,9,2
2019-01-08,105,6,7,10,9,5,3,1,4,8,2
2019-01-08,104,9,7,10,2,5,1,3,6,8,4
2019-01-08,103,10,3,7,1,9,5,2,8,6,4
2019-01-08,102,6,2,7,5,3,10,9,8,4,1
2019-01-08,101,7,5,9,3,8,6,4,1,2,10
2019-01-08,100,4,9,10,6,3,2,5,1,8,7
2019-01-08,99,2,4,8,1,10,6,7,9,5,3
2019-01-08,98,6,9,4,10,3,5,1,2,8,7
2019-01-08,97,5,4,2,6,3,10,7,1,9,8
2019-01-08,96,8,5,1,3,4,10,7,6,9,2
2019-01-08,95,2,5,4,9,7,6,8,10,3,1
2019-01-08,94,4,1,6,5,7,8,2,10,3,9
2019-01-08,93,8,4,10,6,2,1,7,3,5,9
2019-01-08,92,5,6,3,7,4,2,9,8,10,1
2019-01-08,91,9,4,1,6,3,8,5,10,2,7
2019-01-08,90,5,4,7,8,6,3,2,9,1,10
2019-01-08,89,4,3,9,8,7,2,6,10,1,5
2019-01-08,88,3,8,1,9,5,2,6,4,7,10
2019-01-08,87,2,8,4,6,3,9,7,1,5,10
2019-01-08,86,8,6,10,4,9,7,3,1,2,5
2019-01-08,85,5,1,8,10,4,3,6,2,7,9
2019-01-08,84,9,4,3,1,7,2,10,5,6,8
2019-01-08,83,3,4,8,10,1,9,7,2,5,6
2019-01-08,82,3,2,4,10,6,7,9,1,8,5
2019-01-08,81,6,9,4,3,1,5,10,7,8,2
2019-01-08,80,3,10,1,7,4,5,9,2,6,8
2019-01-08,79,7,8,5,2,4,1,6,3,9,10
2019-01-08,78,4,2,1,9,6,3,5,8,7,10
2019-01-08,77,6,2,8,5,1,9,3,4,7,10
2019-01-08,76,8,5,2,3,1,6,7,10,4,9
2019-01-08,75,8,9,3,7,1,6,5,2,4,10
2019-01-08,74,6,10,9,7,8,4,5,2,1,3
2019-01-08,73,5,9,10,2,8,1,7,3,6,4
2019-01-08,72,2,3,4,7,9,6,1,10,8,5
2019-01-08,71,5,9,7,1,10,8,4,3,6,2
2019-01-08,70,8,9,10,2,4,7,1,3,6,5
2019-01-08,69,3,2,6,1,4,5,8,10,7,9
2019-01-08,68,8,5,7,3,9,2,10,6,1,4
2019-01-08,67,6,5,4,2,3,1,9,8,7,10
2019-01-08,66,5,10,7,1,9,8,4,6,2,3
2019-01-08,65,3,4,6,1,5,8,10,2,7,9
2019-01-08,64,8,10,3,9,5,7,2,4,1,6
2019-01-08,63,9,3,8,5,4,10,7,2,6,1
2019-01-08,62,7,4,3,10,8,6,1,2,5,9
2019-01-08,61,7,6,5,10,3,8,1,4,2,9
2019-01-08,60,9,6,4,8,5,7,2,1,10,3
2019-01-08,59,3,6,10,1,4,9,8,5,7,2
2019-01-08,58,5,3,8,4,1,9,2,10,7,6
2019-01-08,57,8,5,7,2,6,1,10,9,3,4
2019-01-08,56,5,4,3,9,7,10,2,8,1,6
2019-01-08,55,7,3,5,6,4,8,2,9,1,10
2019-01-08,54,1,10,4,6,3,2,7,5,9,8
2019-01-08,53,1,8,6,7,9,10,2,3,4,5
2019-01-08,52,6,5,1,7,9,3,8,10,4,2
2019-01-08,51,2,10,7,4,6,5,3,8,9,1
2019-01-08,50,6,3,4,9,7,10,1,2,5,8
2019-01-08,49,9,3,8,1,2,10,5,4,7,6
2019-01-08,48,10,8,1,3,4,2,5,9,6,7
2019-01-08,47,9,10,4,6,1,3,2,8,7,5
2019-01-08,46,8,5,9,2,3,4,10,6,1,7
2019-01-08,45,9,8,1,5,7,6,4,2,3,10
2019-01-08,44,5,4,3,1,2,9,10,8,7,6
2019-01-08,43,2,10,7,6,5,1,8,9,4,3
2019-01-08,42,1,4,7,6,9,10,5,2,3,8
2019-01-08,41,10,6,5,3,7,9,8,1,2,4
2019-01-08,40,3,10,6,5,8,1,7,2,9,4
2019-01-08,39,8,9,7,1,4,10,6,2,5,3
2019-01-08,38,8,7,1,2,4,3,10,9,5,6
2019-01-08,37,5,2,7,4,3,6,1,8,9,10
2019-01-08,36,9,2,6,8,1,10,3,5,4,7
2019-01-08,35,10,4,1,3,9,2,6,5,8,7
2019-01-08,34,10,2,4,8,1,5,9,3,6,7
2019-01-08,33,3,5,1,6,10,2,4,8,9,7
2019-01-08,32,3,7,2,9,10,4,6,8,1,5
2019-01-08,31,3,7,5,8,4,9,1,6,2,10
2019-01-08,30,6,5,7,2,3,4,10,8,1,9
2019-01-08,29,4,9,6,3,10,1,8,2,5,7
2019-01-08,28,7,9,2,3,4,10,1,8,6,5
2019-01-08,27,10,8,2,4,9,3,1,5,6,7
2019-01-08,26,3,8,10,1,7,2,5,4,6,9
2019-01-08,25,6,2,1,9,4,10,7,8,3,5
2019-01-08,24,7,3,8,4,10,9,2,5,1,6
2019-01-08,23,5,8,3,2,10,9,1,4,6,7
2019-01-08,22,10,8,7,4,1,2,6,5,3,9
2019-01-08,21,7,6,2,4,5,1,9,10,3,8
2019-01-08,20,10,9,3,8,2,4,1,7,5,6
2019-01-08,19,9,7,8,6,3,10,2,1,5,4
2019-01-08,18,9,2,3,1,5,10,6,4,7,8
2019-01-08,17,10,1,2,4,6,8,9,5,3,7
2019-01-08,16,8,5,3,10,1,7,4,2,6,9
2019-01-08,15,9,8,7,4,10,1,2,3,5,6
2019-01-08,14,2,7,5,4,10,1,3,6,8,9
2019-01-08,13,10,9,6,7,1,4,3,2,5,8
2019-01-08,12,3,5,9,10,8,2,4,7,1,6
2019-01-08,11,5,2,3,6,9,7,10,8,4,1
2019-01-08,10,9,8,1,2,3,6,5,7,10,4
2019-01-08,9,6,10,1,7,4,3,9,5,2,8
2019-01-08,8,9,1,2,6,7,8,10,4,5,3
2019-01-08,7,6,7,2,10,1,3,9,5,8,4
2019-01-08,6,7,9,1,4,6,3,5,2,10,8
2019-01-08,5,6,7,8,3,5,2,4,10,9,1
2019-01-08,4,9,7,6,2,10,1,3,5,4,8
2019-01-08,3,5,6,8,7,1,4,9,3,10,2
2019-01-08,2,6,4,7,8,1,5,2,10,9,3
2019-01-08,1,1,7,6,10,8,2,4,9,5,3
2019-01-07,180,1,9,8,5,4,10,6,3,7,2
2019-01-07,179,1,7,4,3,9,5,8,6,2,10
2019-01-07,178,9,10,4,6,1,5,2,7,8,3
2019-01-07,177,10,1,4,3,5,9,6,2,7,8
2019-01-07,176,1,3,2,5,6,10,4,8,7,9
2019-01-07,175,1,8,5,9,2,10,3,4,7,6
2019-01-07,174,5,8,10,1,2,9,4,6,3,7
2019-01-07,173,10,2,7,5,4,8,9,6,3,1
2019-01-07,172,3,5,4,9,7,8,10,2,1,6
2019-01-07,171,1,9,8,10,2,3,4,5,7,6
2019-01-07,170,6,10,9,8,4,2,5,3,1,7
2019-01-07,169,2,4,7,10,9,3,5,6,1,8
2019-01-07,168,8,3,2,6,4,7,10,9,5,1
2019-01-07,167,2,6,3,1,4,8,10,5,7,9
2019-01-07,166,3,5,10,2,9,1,7,4,8,6
2019-01-07,165,9,6,10,4,5,3,8,1,7,2
2019-01-07,164,5,9,4,7,10,1,6,2,8,3
2019-01-07,163,1,6,3,10,8,2,9,7,4,5
2019-01-07,162,2,5,4,1,7,9,8,3,6,10
2019-01-07,161,9,8,5,2,7,10,3,1,4,6
2019-01-07,160,3,7,6,8,2,9,10,5,4,1
2019-01-07,159,5,6,1,9,7,8,2,10,4,3
2019-01-07,158,8,1,3,2,5,7,4,10,9,6
2019-01-07,157,6,1,9,5,3,7,10,2,4,8
2019-01-07,156,7,4,9,3,2,6,5,8,10,1
2019-01-07,155,4,8,2,7,9,1,6,5,3,10
2019-01-07,154,7,8,10,3,2,9,5,1,6,4
2019-01-07,153,6,9,1,3,4,2,8,10,5,7
2019-01-07,152,5,9,7,8,1,6,4,2,3,10
2019-01-07,151,1,5,9,8,7,10,2,3,6,4
2019-01-07,150,9,5,3,7,1,4,6,10,2,8
2019-01-07,149,2,6,3,8,7,10,9,4,5,1
2019-01-07,148,3,5,8,4,6,10,9,1,7,2
2019-01-07,147,2,4,1,3,6,9,8,7,10,5
2019-01-07,146,3,5,10,7,8,6,9,2,4,1
2019-01-07,145,4,8,7,9,1,6,10,5,2,3
2019-01-07,144,8,10,6,7,1,5,3,4,9,2
2019-01-07,143,3,7,1,2,10,8,4,9,6,5
2019-01-07,142,10,7,6,8,5,1,2,4,3,9
2019-01-07,141,5,4,9,2,6,7,1,3,10,8
2019-01-07,140,10,2,7,4,1,5,8,9,6,3
2019-01-07,139,6,8,5,3,4,10,7,2,9,1
2019-01-07,138,6,4,2,8,10,9,5,3,1,7
2019-01-07,137,10,7,9,1,8,6,4,5,2,3
2019-01-07,136,8,3,5,4,6,9,2,1,7,10
2019-01-07,135,4,1,5,7,6,8,2,10,9,3
2019-01-07,134,9,3,2,7,5,1,8,6,4,10
2019-01-07,133,7,6,8,3,10,1,4,2,9,5
2019-01-07,132,8,5,10,3,2,7,1,6,9,4
2019-01-07,131,7,5,10,4,1,8,6,9,2,3
2019-01-07,130,9,3,1,4,7,6,10,8,5,2
2019-01-07,129,8,10,4,1,9,5,7,6,3,2
2019-01-07,128,1,2,9,3,6,10,7,5,4,8
2019-01-07,127,10,2,6,1,9,8,3,4,7,5
2019-01-07,126,9,3,1,6,10,2,7,4,5,8
2019-01-07,125,8,2,3,1,9,6,10,5,7,4
2019-01-07,124,7,6,4,1,8,2,5,9,10,3
2019-01-07,123,8,1,4,9,6,10,5,3,2,7
2019-01-07,122,1,8,9,6,7,10,2,3,5,4
2019-01-07,121,7,9,3,4,10,2,5,1,8,6
2019-01-07,120,2,7,4,8,9,5,3,10,1,6
2019-01-07,119,4,9,6,1,10,3,2,8,5,7
2019-01-07,118,8,10,4,5,1,6,3,9,2,7
2019-01-07,117,5,1,10,4,2,8,3,7,9,6
2019-01-07,116,6,9,1,10,8,5,2,7,4,3
2019-01-07,115,2,8,9,4,10,6,5,7,3,1
2019-01-07,114,6,3,5,10,8,7,4,2,1,9
2019-01-07,113,5,9,3,7,1,4,6,10,8,2
2019-01-07,112,2,7,8,6,10,9,4,1,5,3
2019-01-07,111,3,5,9,4,7,8,10,2,6,1
2019-01-07,110,10,7,6,2,1,8,9,5,3,4
2019-01-07,109,10,4,1,5,7,3,2,8,6,9
2019-01-07,108,5,3,4,10,2,7,9,1,8,6
2019-01-07,107,5,6,1,9,2,3,10,8,4,7
2019-01-07,106,8,7,6,3,2,10,4,9,1,5
2019-01-07,105,4,3,5,6,8,9,1,2,10,7
2019-01-07,104,8,10,6,4,3,2,9,1,5,7
2019-01-07,103,2,1,6,5,4,3,9,8,10,7
2019-01-07,102,1,2,5,3,9,10,4,6,8,7
2019-01-07,101,4,8,6,3,10,5,9,7,1,2
2019-01-07,100,6,8,4,3,7,5,9,1,10,2
2019-01-07,99,9,8,6,4,3,5,7,10,1,2
2019-01-07,98,10,9,8,3,4,7,5,1,6,2
2019-01-07,97,4,2,3,10,8,5,9,6,1,7
2019-01-07,96,9,1,4,8,7,2,10,5,6,3
2019-01-07,95,2,8,9,10,5,7,6,3,1,4
2019-01-07,94,3,6,4,7,8,1,10,2,5,9
2019-01-07,93,6,9,10,2,3,5,7,4,1,8
2019-01-07,92,5,3,8,7,6,4,10,9,1,2
2019-01-07,91,8,9,4,10,6,3,5,2,7,1
2019-01-07,90,7,1,9,10,5,8,6,4,3,2
2019-01-07,89,4,3,10,5,8,1,7,9,2,6
2019-01-07,88,8,9,3,5,7,2,10,4,1,6
2019-01-07,87,10,3,5,6,1,7,2,9,4,8
2019-01-07,86,6,7,2,5,10,3,9,1,4,8
2019-01-07,85,8,10,5,3,7,9,2,4,6,1
2019-01-07,84,8,3,4,10,9,5,1,6,2,7
2019-01-07,83,5,9,1,10,3,8,4,2,6,7
2019-01-07,82,7,4,9,1,8,10,5,6,2,3
2019-01-07,81,5,2,10,7,9,4,6,3,8,1
2019-01-07,80,5,7,10,4,2,3,8,1,6,9
2019-01-07,79,10,9,7,5,2,4,8,6,3,1
2019-01-07,78,1,4,6,9,8,7,10,5,3,2
2019-01-07,77,2,9,10,7,1,3,5,6,8,4
2019-01-07,76,2,8,10,7,4,3,6,9,1,5
2019-01-07,75,1,2,3,5,7,9,6,4,10,8
2019-01-07,74,4,3,6,7,2,8,10,9,1,5
2019-01-07,73,4,1,2,3,5,10,6,9,7,8
2019-01-07,72,4,7,6,10,8,1,9,3,5,2
2019-01-07,71,7,10,8,2,3,5,1,4,6,9
2019-01-07,70,4,6,3,2,10,8,1,7,5,9
2019-01-07,69,10,9,5,2,7,8,6,1,4,3
2019-01-07,68,1,5,9,4,6,10,8,2,3,7
2019-01-07,67,4,2,1,5,9,10,6,8,7,3
2019-01-07,66,5,8,7,2,10,6,9,3,1,4
2019-01-07,65,7,3,10,6,8,5,2,4,9,1
2019-01-07,64,3,6,8,2,10,7,1,4,5,9
2019-01-07,63,7,5,4,3,6,10,2,9,1,8
2019-01-07,62,10,3,5,7,1,8,6,9,2,4
2019-01-07,61,4,3,1,9,5,8,2,7,10,6
2019-01-07,60,6,7,5,8,9,10,3,2,4,1
2019-01-07,59,4,2,10,1,9,6,7,3,5,8
2019-01-07,58,1,4,10,5,2,8,7,6,3,9
2019-01-07,57,9,3,8,7,10,4,6,5,2,1
2019-01-07,56,2,3,4,6,5,1,7,8,9,10
2019-01-07,55,1,3,2,4,10,7,8,6,5,9
2019-01-07,54,9,5,6,4,8,10,7,1,2,3
2019-01-07,53,9,5,7,2,1,3,4,6,8,10
2019-01-07,52,9,1,3,10,8,4,2,7,6,5
2019-01-07,51,2,10,4,7,8,1,5,3,6,9
2019-01-07,50,5,6,10,8,1,2,9,7,4,3
2019-01-07,49,5,7,8,1,6,3,2,4,9,10
2019-01-07,48,1,2,9,4,8,3,6,10,7,5
2019-01-07,47,1,10,7,4,9,6,5,8,3,2
2019-01-07,46,9,3,7,4,5,6,2,1,8,10
2019-01-07,45,10,2,6,9,1,7,5,3,4,8
2019-01-07,44,1,9,7,10,2,3,5,4,8,6
2019-01-07,43,9,8,7,3,1,2,4,6,10,5
2019-01-07,42,9,1,8,4,2,6,10,5,3,7
2019-01-07,41,1,2,8,10,7,6,3,5,9,4
2019-01-07,40,6,9,8,3,2,4,5,1,10,7
2019-01-07,39,5,8,7,9,10,1,4,2,6,3
2019-01-07,38,9,1,6,2,7,10,5,8,3,4
2019-01-07,37,7,4,6,10,2,3,1,8,9,5
2019-01-07,36,9,8,3,10,7,2,5,6,1,4
2019-01-07,35,2,9,4,8,5,7,1,10,6,3
2019-01-07,34,6,9,1,2,3,10,5,8,7,4
2019-01-07,33,3,1,7,2,9,8,4,6,10,5
2019-01-07,32,3,7,8,1,5,4,6,10,2,9
2019-01-07,31,7,3,9,6,2,1,10,8,4,5
2019-01-07,30,8,2,1,5,7,9,3,10,4,6
2019-01-07,29,1,8,4,5,9,7,2,6,3,10
2019-01-07,28,5,4,10,7,6,2,1,3,8,9
2019-01-07,27,1,10,8,9,4,5,3,2,6,7
2019-01-07,26,5,4,9,8,1,6,7,10,3,2
2019-01-07,25,7,2,5,6,9,4,1,10,8,3
2019-01-07,24,2,6,7,10,1,4,5,9,3,8
2019-01-07,23,1,3,8,4,9,6,2,5,10,7
2019-01-07,22,7,6,3,5,1,9,8,4,10,2
2019-01-07,21,7,10,2,6,1,3,4,5,9,8
2019-01-07,20,10,8,6,4,2,1,9,7,5,3
2019-01-07,19,4,7,8,1,5,6,9,2,10,3
2019-01-07,18,3,9,4,6,7,8,5,2,10,1
2019-01-07,17,9,2,3,10,4,7,8,5,6,1
2019-01-07,16,7,2,6,8,3,10,4,5,1,9
2019-01-07,15,4,9,7,1,10,3,5,8,2,6
2019-01-07,14,5,7,9,2,10,8,4,6,3,1
2019-01-07,13,5,8,9,7,6,4,1,2,10,3
2019-01-07,12,10,3,6,5,8,1,9,7,4,2
2019-01-07,11,5,7,4,9,3,1,6,10,8,2
2019-01-07,10,6,1,3,4,5,7,9,2,8,10
2019-01-07,9,9,8,10,5,6,4,3,2,1,7
2019-01-07,8,2,3,6,7,9,10,4,8,5,1
2019-01-07,7,8,7,4,6,5,3,2,10,1,9
2019-01-07,6,1,2,3,8,7,6,10,4,5,9
2019-01-07,5,7,6,8,5,9,3,4,10,1,2
2019-01-07,4,8,6,2,1,7,3,10,9,4,5
2019-01-07,3,4,1,8,10,9,5,2,6,3,7
2019-01-07,2,4,5,7,9,6,3,10,1,2,8
2019-01-07,1,5,9,2,1,3,6,4,7,10,8
2019-01-06,180,2,4,10,8,9,1,3,6,7,5
2019-01-06,179,3,7,2,8,1,5,4,6,9,10
2019-01-06,178,3,6,5,8,4,2,7,9,1,10
2019-01-06,177,3,8,9,6,1,5,7,2,4,10
2019-01-06,176,7,5,9,3,10,2,1,4,8,6
2019-01-06,175,7,10,8,5,3,6,2,1,9,4
2019-01-06,174,7,4,1,9,6,8,3,10,5,2
2019-01-06,173,1,2,6,8,7,5,4,3,10,9
2019-01-06,172,6,4,9,1,5,7,10,2,3,8
2019-01-06,171,9,10,1,8,6,5,3,4,2,7
2019-01-06,170,1,9,10,7,6,4,5,3,2,8
2019-01-06,169,8,9,10,6,5,4,1,3,7,2
2019-01-06,168,6,5,1,3,10,9,8,4,2,7
2019-01-06,167,8,10,3,9,1,2,6,5,7,4
2019-01-06,166,2,10,5,9,3,4,7,1,8,6
2019-01-06,165,8,6,5,2,9,3,7,4,1,10
2019-01-06,164,4,3,8,6,7,2,1,5,10,9
2019-01-06,163,10,2,3,1,6,8,9,5,7,4
2019-01-06,162,7,9,8,2,6,10,5,1,4,3
2019-01-06,161,5,8,10,2,6,7,9,1,3,4
2019-01-06,160,7,8,10,3,4,9,6,2,1,5
2019-01-06,159,6,5,2,3,1,4,7,8,10,9
2019-01-06,158,4,3,5,6,2,8,7,10,1,9
2019-01-06,157,4,10,9,3,6,2,1,5,7,8
2019-01-06,156,1,3,7,4,6,2,8,10,9,5
2019-01-06,155,10,4,7,6,1,8,3,2,5,9
2019-01-06,154,6,10,9,2,1,5,7,4,8,3
2019-01-06,153,9,7,1,3,5,6,2,8,10,4
2019-01-06,152,5,1,10,2,9,6,3,8,7,4
2019-01-06,151,9,7,2,6,4,3,1,10,5,8
2019-01-06,150,3,2,1,10,4,7,8,5,9,6
2019-01-06,149,10,7,4,3,9,1,2,8,5,6
2019-01-06,148,1,10,6,5,9,2,8,3,4,7
2019-01-06,147,6,5,9,3,8,4,1,10,2,7
2019-01-06,146,4,1,8,3,2,6,7,10,5,9
2019-01-06,145,6,8,2,10,9,1,3,7,5,4
2019-01-06,144,8,2,4,5,7,3,1,6,10,9
2019-01-06,143,3,6,4,1,9,2,5,8,10,7
2019-01-06,142,5,1,6,7,4,3,10,8,2,9
2019-01-06,141,4,10,9,3,5,8,1,7,6,2
2019-01-06,140,10,8,2,3,7,1,6,9,5,4
2019-01-06,139,10,9,4,7,2,6,1,3,8,5
2019-01-06,138,10,3,5,4,7,9,1,8,2,6
2019-01-06,137,5,10,2,4,7,6,1,8,3,9
2019-01-06,136,9,8,4,10,6,3,7,5,2,1
2019-01-06,135,10,5,6,7,4,3,9,1,8,2
2019-01-06,134,2,4,1,3,5,6,9,10,7,8
2019-01-06,133,2,1,9,3,10,5,6,8,4,7
2019-01-06,132,1,9,4,2,3,7,6,8,10,5
2019-01-06,131,2,9,5,3,6,1,8,10,7,4
2019-01-06,130,6,2,7,8,10,1,5,3,4,9
2019-01-06,129,10,3,6,5,1,9,4,8,7,2
2019-01-06,128,9,5,4,8,3,2,10,1,7,6
2019-01-06,127,8,6,2,4,9,7,1,3,10,5
2019-01-06,126,8,3,5,4,10,1,2,6,7,9
2019-01-06,125,8,6,3,10,9,2,5,7,4,1
2019-01-06,124,4,1,3,7,6,8,5,2,9,10
2019-01-06,123,4,9,8,6,1,2,3,7,10,5
2019-01-06,122,10,6,5,8,7,1,3,4,9,2
2019-01-06,121,10,9,6,7,8,5,1,4,3,2
2019-01-06,120,10,8,6,1,9,5,3,7,2,4
2019-01-06,119,4,9,2,10,7,8,6,3,1,5
2019-01-06,118,5,6,7,10,1,3,8,4,9,2
2019-01-06,117,4,7,8,9,6,3,2,1,10,5
2019-01-06,116,1,5,3,4,10,9,7,6,2,8
2019-01-06,115,10,4,8,2,1,9,7,5,3,6
2019-01-06,114,7,6,5,1,4,8,9,2,10,3
2019-01-06,113,2,4,7,3,6,8,5,1,9,10
2019-01-06,112,6,3,5,7,1,2,8,4,9,10
2019-01-06,111,9,8,6,4,5,3,7,2,1,10
2019-01-06,110,1,2,4,7,6,10,3,9,8,5
2019-01-06,109,8,5,7,10,6,3,1,4,2,9
2019-01-06,108,2,10,8,9,4,7,1,3,6,5
2019-01-06,107,7,1,5,3,9,6,8,10,4,2
2019-01-06,106,1,8,6,5,3,10,9,4,2,7
2019-01-06,105,10,6,1,5,3,4,9,7,2,8
2019-01-06,104,6,7,1,10,9,4,2,3,8,5
2019-01-06,103,6,1,5,9,8,2,10,3,4,7
2019-01-06,102,7,2,9,6,1,10,5,4,8,3
2019-01-06,101,1,7,9,5,4,8,6,10,3,2
2019-01-06,100,8,3,7,9,10,6,1,4,5,2
2019-01-06,99,2,8,4,6,3,7,9,5,1,10
2019-01-06,98,9,8,7,5,1,2,10,6,4,3
2019-01-06,97,1,9,10,3,7,4,8,5,6,2
2019-01-06,96,10,8,2,6,5,4,3,9,7,1
2019-01-06,95,7,3,10,9,6,4,8,5,2,1
2019-01-06,94,8,7,4,9,2,1,5,6,10,3
2019-01-06,93,5,2,10,9,6,4,3,1,8,7
2019-01-06,92,5,9,4,3,6,2,8,1,10,7
2019-01-06,91,3,5,2,6,10,9,8,4,7,1
2019-01-06,90,1,10,7,6,2,4,3,9,5,8
2019-01-06,89,6,10,8,9,3,5,7,2,1,4
2019-01-06,88,5,6,1,10,4,3,2,8,9,7
2019-01-06,87,10,7,1,6,5,9,2,3,4,8
2019-01-06,86,2,6,9,5,7,10,8,1,4,3
2019-01-06,85,3,5,1,4,6,7,9,8,2,10
2019-01-06,84,9,1,7,2,6,4,3,8,5,10
2019-01-06,83,3,2,10,6,1,7,8,4,5,9
2019-01-06,82,4,3,7,9,5,10,8,1,2,6
2019-01-06,81,4,1,8,6,7,9,5,10,3,2
2019-01-06,80,2,8,10,1,9,3,5,4,7,6
2019-01-06,79,6,7,2,3,8,9,5,10,4,1
2019-01-06,78,6,10,7,2,9,4,5,3,1,8
2019-01-06,77,10,8,3,4,7,2,5,9,1,6
2019-01-06,76,10,8,7,4,3,5,1,2,6,9
2019-01-06,75,10,7,4,5,1,8,9,6,2,3
2019-01-06,74,5,6,3,8,9,10,2,7,1,4
2019-01-06,73,3,10,4,6,5,2,9,8,7,1
2019-01-06,72,2,3,1,9,7,4,8,5,6,10
2019-01-06,71,8,5,1,2,9,3,7,10,4,6
2019-01-06,70,6,2,3,4,8,5,7,1,10,9
2019-01-06,69,7,3,5,2,4,8,9,1,6,10
2019-01-06,68,7,1,6,10,9,2,5,4,8,3
2019-01-06,67,10,5,6,9,1,8,3,2,4,7
2019-01-06,66,1,2,10,3,6,4,9,5,8,7
2019-01-06,65,8,2,1,3,4,10,9,5,7,6
2019-01-06,64,5,3,7,10,9,1,6,8,4,2
2019-01-06,63,6,9,8,2,5,4,7,3,1,10
2019-01-06,62,4,2,6,9,5,10,1,7,8,3
2019-01-06,61,10,5,9,3,1,7,6,4,8,2
2019-01-06,60,4,7,6,2,5,10,3,9,1,8
2019-01-06,59,5,2,9,1,8,3,10,4,7,6
2019-01-06,58,6,2,4,9,10,5,1,7,8,3
2019-01-06,57,1,10,2,6,3,7,4,9,5,8
2019-01-06,56,3,10,1,8,2,4,6,7,5,9
2019-01-06,55,5,4,7,9,2,8,1,6,10,3
2019-01-06,54,6,8,9,2,7,3,1,5,10,4
2019-01-06,53,10,5,2,8,3,7,9,6,4,1
2019-01-06,52,3,9,10,2,6,4,1,5,8,7
2019-01-06,51,8,3,7,5,10,4,6,2,1,9
2019-01-06,50,9,1,2,6,5,3,4,7,8,10
2019-01-06,49,1,5,4,8,7,10,9,6,2,3
2019-01-06,48,5,8,6,7,9,1,3,10,4,2
2019-01-06,47,6,1,7,9,2,4,5,10,3,8
2019-01-06,46,8,10,4,2,1,5,3,6,9,7
2019-01-06,45,1,4,6,5,7,10,9,2,8,3
2019-01-06,44,6,3,10,5,2,4,1,7,9,8
2019-01-06,43,10,5,4,7,8,9,1,2,3,6
2019-01-06,42,10,6,4,2,8,3,5,1,9,7
2019-01-06,41,7,6,5,8,1,10,4,9,3,2
2019-01-06,40,5,10,7,6,1,2,4,8,3,9
2019-01-06,39,3,4,2,8,1,6,10,5,7,9
2019-01-06,38,6,10,1,3,2,7,8,9,4,5
2019-01-06,37,7,4,8,6,9,1,5,2,10,3
2019-01-06,36,7,2,6,5,10,1,8,9,4,3
2019-01-06,35,3,6,7,8,5,10,4,2,1,9
2019-01-06,34,2,6,1,3,7,10,4,5,8,9
2019-01-06,33,8,9,3,1,10,6,2,4,5,7
2019-01-06,32,6,9,4,8,5,7,3,2,1,10
2019-01-06,31,1,5,3,4,7,8,9,2,10,6
2019-01-06,30,4,1,7,3,6,5,8,10,9,2
2019-01-06,29,5,7,8,6,10,3,9,4,1,2
2019-01-06,28,7,2,5,1,10,9,4,3,6,8
2019-01-06,27,8,3,7,9,1,2,4,5,6,10
2019-01-06,26,9,5,8,2,1,7,10,4,6,3
2019-01-06,25,4,9,3,10,1,2,5,8,6,7
2019-01-06,24,5,7,4,8,3,10,6,1,2,9
2019-01-06,23,2,9,7,1,5,6,8,3,10,4
2019-01-06,22,8,7,2,5,9,4,10,3,6,1
2019-01-06,21,5,7,9,8,4,3,1,6,10,2
2019-01-06,20,4,1,8,5,6,2,3,10,9,7
2019-01-06,19,1,6,4,2,5,3,7,8,10,9
2019-01-06,18,8,3,9,7,1,4,6,5,10,2
2019-01-06,17,6,5,7,2,3,9,10,1,8,4
2019-01-06,16,1,2,10,3,7,4,6,8,9,5
2019-01-06,15,10,4,8,1,6,2,5,7,3,9
2019-01-06,14,2,7,6,10,4,5,1,9,8,3
2019-01-06,13,4,1,8,9,7,10,6,5,3,2
2019-01-06,12,4,8,9,3,7,10,1,2,5,6
2019-01-06,11,4,6,9,8,3,7,1,2,5,10
2019-01-06,10,2,4,9,7,3,5,1,10,8,6
2019-01-06,9,6,10,5,3,1,2,9,4,8,7
2019-01-06,8,9,5,10,4,7,2,6,3,8,1
2019-01-06,7,8,3,4,9,2,10,5,7,1,6
2019-01-06,6,7,9,1,10,2,8,3,5,4,6
2019-01-06,5,10,6,8,5,1,4,9,3,2,7
2019-01-06,4,6,4,2,10,3,7,1,8,9,5
2019-01-06,3,2,3,4,1,8,7,6,9,5,10
2019-01-06,2,10,5,2,8,1,9,6,3,4,7
2019-01-06,1,8,7,10,4,5,6,1,3,2,9
2019-01-05,180,7,4,2,3,5,1,9,8,10,6
2019-01-05,179,10,2,5,1,7,4,8,6,3,9
2019-01-05,178,5,4,3,1,10,9,7,6,8,2
2019-01-05,177,1,6,7,3,9,4,10,2,8,5
2019-01-05,176,6,5,2,10,1,8,9,7,3,4
2019-01-05,175,2,4,1,8,9,10,3,7,6,5
2019-01-05,174,5,9,7,8,3,10,4,1,2,6
2019-01-05,173,9,7,3,6,10,5,8,4,2,1
2019-01-05,172,7,1,5,8,4,3,2,9,10,6
2019-01-05,171,7,4,6,3,10,1,5,9,8,2
2019-01-05,170,6,1,8,2,10,3,7,9,4,5
2019-01-05,169,3,5,4,10,6,2,1,9,8,7
2019-01-05,168,2,6,1,7,8,5,3,9,4,10
2019-01-05,167,7,9,4,3,6,8,1,10,5,2
2019-01-05,166,7,10,5,3,4,9,2,6,1,8
2019-01-05,165,8,9,5,7,1,3,10,4,6,2
2019-01-05,164,10,1,7,8,4,9,2,5,3,6
2019-01-05,163,3,10,7,6,2,1,5,9,8,4
2019-01-05,162,7,10,9,5,3,1,6,2,4,8
2019-01-05,161,8,9,4,6,7,2,10,1,3,5
2019-01-05,160,5,3,2,4,6,7,1,9,8,10
2019-01-05,159,8,10,9,1,2,6,7,5,3,4
2019-01-05,158,3,4,2,5,1,10,6,7,9,8
2019-01-05,157,8,1,2,10,6,7,4,9,5,3
2019-01-05,156,3,2,8,9,6,5,10,4,7,1
2019-01-05,155,9,7,5,8,2,1,6,3,4,10
2019-01-05,154,5,7,2,10,1,6,4,8,3,9
2019-01-05,153,3,6,9,10,7,8,1,4,2,5
2019-01-05,152,3,1,2,7,4,10,6,9,8,5
2019-01-05,151,3,10,2,7,1,8,5,9,4,6
2019-01-05,150,6,9,5,2,3,10,8,7,4,1
2019-01-05,149,2,7,9,1,4,6,3,8,5,10
2019-01-05,148,9,10,3,2,1,8,6,4,7,5
2019-01-05,147,10,7,1,8,3,5,4,9,2,6
2019-01-05,146,4,9,10,6,1,8,2,5,3,7
2019-01-05,145,2,8,3,9,1,10,6,5,4,7
2019-01-05,144,6,7,4,3,8,5,10,9,2,1
2019-01-05,143,7,10,9,8,6,4,1,5,2,3
2019-01-05,142,8,10,1,5,2,4,3,9,7,6
2019-01-05,141,1,9,8,10,5,2,4,3,7,6
2019-01-05,140,7,4,1,2,5,9,10,6,3,8
2019-01-05,139,5,6,7,3,8,9,4,2,10,1
2019-01-05,138,2,3,10,4,8,1,7,9,5,6
2019-01-05,137,10,4,9,7,3,2,1,6,8,5
2019-01-05,136,8,5,10,7,2,9,4,3,1,6
2019-01-05,135,9,5,7,8,10,6,1,3,4,2
2019-01-05,134,5,4,10,6,8,7,3,9,1,2
2019-01-05,133,5,9,1,4,2,8,3,10,7,6
2019-01-05,132,9,8,3,2,1,10,4,5,7,6
2019-01-05,131,10,4,1,7,9,8,5,2,3,6
2019-01-05,130,3,8,7,10,4,1,5,2,9,6
2019-01-05,129,3,2,5,4,9,8,10,6,7,1
2019-01-05,128,1,6,7,10,4,8,2,9,5,3
2019-01-05,127,1,8,7,2,5,3,9,10,6,4
2019-01-05,126,1,3,8,6,5,4,10,2,7,9
2019-01-05,125,4,7,1,6,10,2,9,8,5,3
2019-01-05,124,8,10,6,9,7,2,4,1,5,3
2019-01-05,123,6,7,3,1,4,5,9,10,8,2
2019-01-05,122,3,1,7,10,2,9,4,6,8,5
2019-01-05,121,5,1,2,6,8,7,4,3,10,9
2019-01-05,120,3,8,9,1,4,5,10,6,2,7
2019-01-05,119,7,3,10,9,5,4,8,6,2,1
2019-01-05,118,9,2,10,1,8,5,4,6,3,7
2019-01-05,117,4,2,7,10,1,9,5,6,3,8
2019-01-05,116,6,2,10,4,7,9,3,8,5,1
2019-01-05,115,9,10,8,7,5,6,3,4,2,1
2019-01-05,114,1,10,2,6,4,9,3,7,8,5
2019-01-05,113,6,10,3,7,1,2,4,5,9,8
2019-01-05,112,3,10,4,8,5,2,6,7,9,1
2019-01-05,111,9,10,6,5,2,7,8,1,4,3
2019-01-05,110,7,3,8,4,2,5,9,1,6,10
2019-01-05,109,7,5,1,10,3,6,9,4,2,8
2019-01-05,108,4,5,2,1,7,8,3,9,6,10
2019-01-05,107,5,6,2,4,7,1,3,8,10,9
2019-01-05,106,6,1,9,3,7,8,4,10,5,2
2019-01-05,105,9,8,6,10,4,1,5,3,7,2
2019-01-05,104,8,10,6,5,4,1,7,2,3,9
2019-01-05,103,8,6,9,4,10,5,2,3,7,1
2019-01-05,102,1,8,6,3,10,5,7,4,2,9
2019-01-05,101,3,2,8,6,9,7,10,1,4,5
2019-01-05,100,2,10,3,1,7,8,9,5,6,4
2019-01-05,99,3,4,1,2,10,9,7,6,8,5
2019-01-05,98,9,2,1,5,6,3,8,10,7,4
2019-01-05,97,6,5,3,10,9,7,2,8,4,1
2019-01-05,96,10,6,8,4,5,3,7,2,1,9
2019-01-05,95,2,4,7,10,5,1,9,6,3,8
2019-01-05,94,8,6,1,4,7,3,2,5,9,10
2019-01-05,93,5,8,10,2,6,4,3,7,1,9
2019-01-05,92,3,10,8,9,2,4,7,6,5,1
2019-01-05,91,8,1,3,2,10,7,6,4,9,5
2019-01-05,90,6,3,7,1,8,5,2,4,9,10
2019-01-05,89,10,4,5,1,3,9,8,6,2,7
2019-01-05,88,3,1,10,6,2,4,7,9,5,8
2019-01-05,87,9,8,6,2,1,7,3,4,10,5
2019-01-05,86,1,8,6,3,9,4,5,7,2,10
2019-01-05,85,6,2,9,4,8,3,5,1,10,7
2019-01-05,84,3,1,6,5,8,2,4,9,7,10
2019-01-05,83,2,10,7,8,5,4,1,6,9,3
2019-01-05,82,3,9,8,6,4,2,7,5,10,1
2019-01-05,81,10,3,6,8,2,4,7,5,1,9
2019-01-05,80,2,1,5,4,9,7,10,3,6,8
2019-01-05,79,9,6,1,2,10,4,5,7,8,3
2019-01-05,78,9,10,1,8,7,4,5,2,3,6
2019-01-05,77,9,3,1,7,8,4,6,5,2,10
2019-01-05,76,9,7,3,8,6,1,10,5,4,2
2019-01-05,75,10,4,1,2,8,9,5,6,7,3
2019-01-05,74,5,4,1,7,6,3,9,2,8,10
2019-01-05,73,4,6,3,8,5,2,1,10,7,9
2019-01-05,72,10,3,9,8,6,4,5,7,1,2
2019-01-05,71,4,9,3,7,10,8,6,5,2,1
2019-01-05,70,6,3,10,2,4,7,9,1,5,8
2019-01-05,69,8,6,2,7,4,9,3,10,5,1
2019-01-05,68,1,10,9,4,5,3,6,7,8,2
2019-01-05,67,8,3,7,4,10,1,5,9,6,2
2019-01-05,66,1,5,4,6,2,8,10,7,3,9
2019-01-05,65,7,5,2,10,1,8,3,9,4,6
2019-01-05,64,6,10,8,7,1,9,3,5,4,2
2019-01-05,63,2,4,8,6,9,10,1,7,5,3
2019-01-05,62,5,2,6,3,9,7,4,8,1,10
2019-01-05,61,6,5,8,2,7,9,10,3,1,4
2019-01-05,60,4,1,7,2,8,6,9,5,3,10
2019-01-05,59,6,8,1,4,5,2,7,10,9,3
2019-01-05,58,5,4,1,9,10,6,8,2,3,7
2019-01-05,57,8,10,2,6,4,5,9,3,7,1
2019-01-05,56,3,8,10,4,5,1,2,6,7,9
2019-01-05,55,3,10,4,2,6,7,9,1,8,5
2019-01-05,54,10,7,2,3,6,9,8,1,4,5
2019-01-05,53,7,5,3,2,8,1,10,6,4,9
2019-01-05,52,2,9,1,6,10,7,3,8,5,4
2019-01-05,51,4,3,1,7,10,2,5,9,6,8
2019-01-05,50,1,5,8,10,4,3,9,2,7,6
2019-01-05,49,10,2,8,9,7,5,3,6,1,4
2019-01-05,48,7,9,1,6,3,5,8,4,10,2
2019-01-05,47,7,10,1,4,2,3,6,8,9,5
2019-01-05,46,3,8,2,4,7,6,1,10,5,9
2019-01-05,45,9,8,6,4,5,7,3,10,1,2
2019-01-05,44,5,1,2,8,10,4,6,7,9,3
2019-01-05,43,9,5,7,3,1,4,8,2,6,10
2019-01-05,42,10,2,6,8,5,9,4,1,7,3
2019-01-05,41,10,7,4,8,9,3,6,5,2,1
2019-01-05,40,8,2,4,6,7,10,1,5,9,3
2019-01-05,39,6,1,4,5,3,8,7,2,9,10
2019-01-05,38,6,9,7,1,2,5,8,10,4,3
2019-01-05,37,4,7,2,9,5,1,10,6,3,8
2019-01-05,36,3,10,9,1,5,7,6,4,8,2
2019-01-05,35,3,8,9,10,1,2,6,4,7,5
2019-01-05,34,6,9,10,3,2,8,1,5,4,7
2019-01-05,33,2,6,10,5,1,4,8,3,9,7
2019-01-05,32,9,4,7,10,1,3,2,8,5,6
2019-01-05,31,6,9,4,2,8,3,10,5,7,1
2019-01-05,30,1,10,9,4,7,5,8,3,2,6
2019-01-05,29,6,7,3,8,2,4,1,10,5,9
2019-01-05,28,3,6,7,1,4,10,2,5,9,8
2019-01-05,27,5,7,1,9,6,8,4,3,2,10
2019-01-05,26,3,5,7,2,8,4,1,6,9,10
2019-01-05,25,9,7,6,10,2,8,3,5,4,1
2019-01-05,24,4,10,5,1,9,6,2,3,7,8
2019-01-05,23,5,2,9,6,10,8,1,7,3,4
2019-01-05,22,6,2,5,8,4,9,7,1,3,10
2019-01-05,21,9,6,2,4,10,1,7,8,5,3
2019-01-05,20,4,1,5,9,7,3,6,8,10,2
2019-01-05,19,9,10,7,1,6,2,3,5,4,8
2019-01-05,18,4,8,2,7,9,5,10,3,1,6
2019-01-05,17,6,3,5,7,9,10,1,2,4,8
2019-01-05,16,2,10,9,5,3,8,4,7,6,1
2019-01-05,15,8,7,3,1,10,6,5,4,9,2
2019-01-05,14,10,6,4,8,7,2,9,5,1,3
2019-01-05,13,10,6,3,4,1,8,2,5,7,9
2019-01-05,12,6,9,8,7,2,4,1,3,5,10
2019-01-05,11,6,9,3,7,5,4,10,2,8,1
2019-01-05,10,7,4,3,9,8,5,10,1,6,2
2019-01-05,9,3,7,1,9,6,5,4,2,8,10
2019-01-05,8,8,6,10,5,3,9,1,4,7,2
2019-01-05,7,5,6,10,3,1,8,2,7,9,4
2019-01-05,6,2,3,9,1,7,8,6,5,10,4
2019-01-05,5,4,5,6,3,7,2,8,9,10,1
2019-01-05,4,4,1,3,5,2,6,9,8,7,10
2019-01-05,3,5,3,8,10,1,4,9,7,6,2
2019-01-05,2,2,4,6,9,8,5,10,3,7,1
2019-01-05,1,9,3,6,7,5,8,2,4,10,1
2019-01-04,180,3,8,5,4,6,10,2,9,1,7
2019-01-04,179,9,2,5,1,4,7,3,8,6,10
2019-01-04,178,1,3,9,8,2,7,10,4,5,6
2019-01-04,177,9,2,3,4,7,5,10,1,6,8
2019-01-04,176,7,3,2,1,9,10,5,8,4,6
2019-01-04,175,10,4,9,5,7,2,1,6,8,3
2019-01-04,174,3,2,6,10,8,4,1,5,9,7
2019-01-04,173,4,8,10,1,3,6,5,2,7,9
2019-01-04,172,5,8,7,4,10,6,9,3,1,2
2019-01-04,171,4,2,9,1,3,7,8,5,10,6
2019-01-04,170,8,9,1,3,2,7,5,4,6,10
2019-01-04,169,3,4,2,7,8,9,10,1,6,5
2019-01-04,168,5,3,2,7,4,9,10,1,6,8
2019-01-04,167,2,5,8,10,6,9,3,4,1,7
2019-01-04,166,3,6,5,10,2,4,7,9,8,1
2019-01-04,165,8,6,3,5,10,2,7,4,1,9
2019-01-04,164,4,1,8,7,3,5,9,6,2,10
2019-01-04,163,3,10,5,4,8,9,7,1,6,2
2019-01-04,162,2,1,10,8,5,7,6,9,3,4
2019-01-04,161,7,8,4,5,3,9,6,1,10,2
2019-01-04,160,6,7,4,1,5,9,3,10,8,2
2019-01-04,159,1,2,6,10,3,9,5,7,8,4
2019-01-04,158,7,5,1,9,6,2,3,8,4,10
2019-01-04,157,6,3,4,2,7,5,1,8,10,9
2019-01-04,156,4,3,6,5,10,2,7,8,9,1
2019-01-04,155,9,5,8,3,2,6,10,7,4,1
2019-01-04,154,5,10,2,1,6,8,4,7,9,3
2019-01-04,153,10,5,3,6,1,7,4,9,8,2
2019-01-04,152,10,7,9,4,5,2,1,6,8,3
2019-01-04,151,10,8,3,4,2,9,1,6,7,5
2019-01-04,150,8,4,5,7,10,6,1,3,2,9
2019-01-04,149,1,8,10,4,9,2,3,5,6,7
2019-01-04,148,8,2,10,9,6,3,4,7,5,1
2019-01-04,147,2,1,6,9,8,7,4,5,10,3
2019-01-04,146,2,5,8,7,9,6,10,1,3,4
2019-01-04,145,6,4,5,7,9,1,8,2,3,10
2019-01-04,144,2,6,4,5,7,10,9,1,3,8
2019-01-04,143,5,2,8,4,6,9,7,3,10,1
2019-01-04,142,9,8,5,3,1,4,7,6,2,10
2019-01-04,141,7,2,3,1,5,6,10,8,9,4
2019-01-04,140,3,7,5,10,9,6,2,1,4,8
2019-01-04,139,8,9,4,2,7,5,1,3,6,10
2019-01-04,138,2,5,3,6,9,10,4,7,1,8
2019-01-04,137,6,8,5,9,4,2,7,10,3,1
2019-01-04,136,2,10,4,1,9,3,8,6,7,5
2019-01-04,135,8,4,3,9,10,6,5,1,2,7
2019-01-04,134,7,10,2,5,4,8,1,9,6,3
2019-01-04,133,3,8,6,5,1,2,10,9,4,7
2019-01-04,132,1,2,9,8,10,7,6,4,5,3
2019-01-04,131,3,8,4,9,10,2,7,5,1,6
2019-01-04,130,5,6,1,2,7,9,10,4,3,8
2019-01-04,129,2,5,9,10,6,8,4,3,7,1
2019-01-04,128,5,2,6,9,7,1,3,10,8,4
2019-01-04,127,9,10,4,1,2,8,6,3,7,5
2019-01-04,126,8,1,7,6,5,4,10,3,9,2
2019-01-04,125,6,4,2,3,5,7,10,9,8,1
2019-01-04,124,2,4,1,3,5,7,8,6,10,9
2019-01-04,123,3,4,5,1,7,8,9,2,10,6
2019-01-04,122,9,6,2,4,10,8,7,3,5,1
2019-01-04,121,9,1,5,8,4,7,2,3,10,6
2019-01-04,120,7,6,3,2,1,10,9,8,5,4
2019-01-04,119,9,3,8,5,1,10,4,7,2,6
2019-01-04,118,9,6,10,7,1,3,5,4,2,8
2019-01-04,117,8,4,7,5,6,1,9,10,2,3
2019-01-04,116,2,1,5,9,4,7,6,8,3,10
2019-01-04,115,10,7,1,2,6,9,5,4,3,8
2019-01-04,114,4,10,1,8,3,6,7,2,5,9
2019-01-04,113,5,7,8,9,4,10,6,1,3,2
2019-01-04,112,3,4,7,5,6,8,9,1,2,10
2019-01-04,111,3,1,6,4,2,9,10,5,8,7
2019-01-04,110,2,5,8,9,3,10,4,6,7,1
2019-01-04,109,1,9,7,8,2,5,6,3,10,4
2019-01-04,108,6,10,1,3,2,4,5,7,8,9
2019-01-04,107,3,7,9,10,2,8,5,1,4,6
2019-01-04,106,3,6,1,7,9,2,4,8,5,10
2019-01-04,105,10,7,9,1,5,4,6,2,3,8
2019-01-04,104,3,6,7,8,1,2,4,9,5,10
2019-01-04,103,7,2,10,6,9,5,1,4,3,8
2019-01-04,102,5,3,8,7,9,4,2,10,6,1
2019-01-04,101,1,7,4,3,2,8,10,5,6,9
2019-01-04,100,10,2,8,9,4,1,3,5,7,6
2019-01-04,99,10,6,3,5,8,9,2,1,7,4
2019-01-04,98,5,1,10,2,3,9,7,8,4,6
2019-01-04,97,3,6,1,9,8,4,10,5,2,7
2019-01-04,96,1,10,9,8,5,2,4,3,7,6
2019-01-04,95,7,4,1,10,2,5,6,3,8,9
2019-01-04,94,2,5,1,9,3,8,6,7,10,4
2019-01-04,93,7,1,8,5,3,2,6,4,9,10
2019-01-04,92,6,9,7,5,3,1,4,8,10,2
2019-01-04,91,7,4,9,2,1,5,8,10,6,3
2019-01-04,90,3,10,1,6,4,9,5,7,2,8
2019-01-04,89,8,10,1,7,4,6,9,3,2,5
2019-01-04,88,1,4,6,5,7,2,8,3,10,9
2019-01-04,87,6,5,2,8,1,10,4,9,7,3
2019-01-04,86,3,4,5,7,6,10,2,9,8,1
2019-01-04,85,1,10,2,5,7,9,6,8,4,3
2019-01-04,84,10,9,2,5,3,1,8,7,6,4
2019-01-04,83,9,4,8,5,6,3,7,10,2,1
2019-01-04,82,2,6,3,10,4,1,7,9,5,8
2019-01-04,81,5,7,4,8,2,10,9,6,3,1
2019-01-04,80,10,5,2,1,4,8,7,3,6,9
2019-01-04,79,1,8,5,6,3,4,9,7,10,2
2019-01-04,78,4,2,6,1,10,7,5,3,8,9
2019-01-04,77,8,1,5,10,2,6,7,9,4,3
2019-01-04,76,5,7,8,10,4,2,9,6,3,1
2019-01-04,75,9,3,4,1,7,5,2,10,6,8
2019-01-04,74,9,7,4,10,5,3,2,6,1,8
2019-01-04,73,9,4,7,6,3,1,2,8,5,10
2019-01-04,72,4,7,1,2,9,5,8,6,10,3
2019-01-04,71,10,8,5,4,7,1,2,6,3,9
2019-01-04,70,4,5,8,9,10,3,6,1,2,7
2019-01-04,69,10,1,4,3,8,7,5,2,6,9
2019-01-04,68,3,5,4,7,8,10,9,1,2,6
2019-01-04,67,7,3,6,8,10,1,5,9,2,4
2019-01-04,66,1,9,4,2,8,7,3,6,10,5
2019-01-04,65,9,5,8,1,10,6,2,4,7,3
2019-01-04,64,7,5,2,10,1,3,6,4,9,8
2019-01-04,63,2,7,10,4,3,5,9,6,1,8
2019-01-04,62,4,3,10,5,9,2,1,6,8,7
2019-01-04,61,4,1,9,7,2,10,5,8,6,3
2019-01-04,60,7,9,3,2,1,6,4,5,8,10
2019-01-04,59,1,7,4,5,6,9,10,8,2,3
2019-01-04,58,9,1,3,6,7,4,8,5,2,10
2019-01-04,57,8,1,7,10,6,5,9,4,2,3
2019-01-04,56,7,9,2,4,1,6,8,5,3,10
2019-01-04,55,6,5,4,3,1,9,2,7,10,8
2019-01-04,54,8,10,4,1,9,6,3,2,7,5
2019-01-04,53,10,9,1,8,5,3,4,2,7,6
2019-01-04,52,9,10,3,8,5,6,7,1,2,4
2019-01-04,51,6,2,9,7,1,8,3,5,10,4
2019-01-04,50,2,4,3,5,9,6,8,1,7,10
2019-01-04,49,8,5,2,6,9,3,1,10,4,7
2019-01-04,48,3,1,9,5,4,6,8,2,7,10
2019-01-04,47,3,8,7,1,4,10,2,6,9,5
2019-01-04,46,5,10,2,8,3,4,1,9,6,7
2019-01-04,45,4,2,10,8,1,6,9,7,5,3
2019-01-04,44,10,5,8,9,1,4,6,3,2,7
2019-01-04,43,10,5,9,8,3,6,4,2,1,7
2019-01-04,42,9,2,6,7,4,10,5,3,1,8
2019-01-04,41,1,8,10,6,3,4,5,2,7,9
2019-01-04,40,9,2,5,3,6,10,8,7,4,1
2019-01-04,39,9,2,6,7,8,1,3,4,5,10
2019-01-04,38,5,10,2,6,1,3,9,7,8,4
2019-01-04,37,10,6,2,7,4,3,9,8,1,5
2019-01-04,36,6,7,5,2,4,10,9,8,3,1
2019-01-04,35,5,6,9,7,8,3,2,4,10,1
2019-01-04,34,10,7,2,6,4,9,3,5,1,8
2019-01-04,33,7,2,5,3,4,8,10,9,1,6
2019-01-04,32,6,8,9,5,3,10,7,2,4,1
2019-01-04,31,6,5,4,7,9,10,8,2,3,1
2019-01-04,30,3,10,7,9,1,6,2,5,8,4
2019-01-04,29,4,7,6,10,9,8,3,2,5,1
2019-01-04,28,1,3,7,2,9,5,4,8,10,6
2019-01-04,27,3,2,5,6,10,7,9,1,4,8
2019-01-04,26,7,8,10,9,3,2,4,1,5,6
2019-01-04,25,4,9,3,10,2,7,1,5,6,8
2019-01-04,24,7,8,4,9,10,3,6,2,5,1
2019-01-04,23,9,4,5,6,2,7,1,3,8,10
2019-01-04,22,10,4,9,2,8,1,6,7,5,3
2019-01-04,21,5,1,10,8,3,7,4,2,9,6
2019-01-04,20,5,4,8,2,7,10,1,3,9,6
2019-01-04,19,10,2,9,4,8,3,6,1,5,7
2019-01-04,18,6,9,4,10,7,5,2,3,1,8
2019-01-04,17,6,1,8,10,2,7,5,3,4,9
2019-01-04,16,1,8,7,5,4,9,2,3,6,10
2019-01-04,15,6,4,10,7,2,9,1,8,3,5
2019-01-04,14,4,7,3,8,9,5,2,10,6,1
2019-01-04,13,4,5,10,9,6,2,3,1,7,8
2019-01-04,12,1,3,2,6,10,7,4,5,9,8
2019-01-04,11,8,10,2,1,3,5,6,9,4,7
2019-01-04,10,5,7,3,8,10,6,4,1,2,9
2019-01-04,9,1,10,5,4,9,8,7,3,6,2
2019-01-04,8,2,4,5,8,10,3,1,6,9,7
2019-01-04,7,8,9,5,2,1,4,10,3,7,6
2019-01-04,6,3,9,6,7,1,10,2,5,4,8
2019-01-04,5,10,3,4,6,1,2,9,7,8,5
2019-01-04,4,2,9,3,1,7,5,8,10,6,4
2019-01-04,3,1,2,9,10,7,5,8,6,3,4
2019-01-04,2,8,5,2,1,10,6,4,3,9,7
2019-01-04,1,7,10,4,3,5,8,1,9,6,2
2019-01-03,180,2,5,6,8,7,10,4,3,9,1
2019-01-03,179,4,9,1,8,2,3,5,6,10,7
2019-01-03,178,5,9,2,3,4,8,7,6,10,1
2019-01-03,177,10,7,3,4,2,9,8,5,6,1
2019-01-03,176,9,10,5,2,1,8,6,7,3,4
2019-01-03,175,10,2,1,5,8,6,3,7,4,9
2019-01-03,174,1,8,2,6,3,10,4,9,5,7
2019-01-03,173,7,6,4,3,1,8,10,9,2,5
2019-01-03,172,3,5,2,6,4,10,8,9,1,7
2019-01-03,171,7,3,2,4,9,5,6,8,10,1
2019-01-03,170,10,1,6,7,4,5,9,8,2,3
2019-01-03,169,8,9,3,2,1,6,4,5,7,10
2019-01-03,168,8,6,9,7,2,3,10,1,4,5
2019-01-03,167,5,7,3,1,4,6,10,8,9,2
2019-01-03,166,7,4,3,2,6,1,5,9,8,10
2019-01-03,165,7,9,6,3,4,2,1,10,8,5
2019-01-03,164,7,1,9,6,8,3,5,2,4,10
2019-01-03,163,7,1,9,10,3,2,5,8,4,6
2019-01-03,162,8,5,1,4,9,10,3,6,7,2
2019-01-03,161,8,6,2,4,9,7,1,3,10,5
2019-01-03,160,6,9,7,1,8,4,2,3,5,10
2019-01-03,159,6,2,1,3,8,7,10,9,4,5
2019-01-03,158,10,8,2,5,6,1,7,4,3,9
2019-01-03,157,3,1,7,5,10,4,9,2,8,6
2019-01-03,156,6,8,1,5,10,9,7,4,3,2
2019-01-03,155,6,5,9,7,10,3,2,4,1,8
2019-01-03,154,2,9,10,4,8,1,6,7,3,5
2019-01-03,153,3,2,5,10,7,1,9,4,6,8
2019-01-03,152,8,3,4,5,9,7,6,1,2,10
2019-01-03,151,10,1,3,8,6,2,4,7,5,9
2019-01-03,150,7,1,4,3,6,10,8,5,9,2
2019-01-03,149,4,2,10,8,6,5,9,7,3,1
2019-01-03,148,2,10,3,8,1,7,4,6,9,5
2019-01-03,147,5,7,1,3,2,6,9,4,10,8
2019-01-03,146,2,8,1,4,10,3,6,9,5,7
2019-01-03,145,8,6,7,5,3,10,1,2,9,4
2019-01-03,144,5,10,1,9,4,8,3,7,6,2
2019-01-03,143,8,9,10,1,4,2,7,5,3,6
2019-01-03,142,2,3,6,8,9,1,4,10,7,5
2019-01-03,141,5,1,9,6,8,4,3,10,2,7
2019-01-03,140,7,2,9,4,3,6,10,5,8,1
2019-01-03,139,2,4,1,9,5,6,7,3,8,10
2019-01-03,138,5,3,1,4,2,9,8,7,10,6
2019-01-03,137,8,2,10,3,9,6,5,7,4,1
2019-01-03,136,5,9,10,7,6,3,4,2,1,8
2019-01-03,135,6,5,2,8,9,10,1,7,3,4
2019-01-03,134,6,3,5,1,2,7,8,4,9,10
2019-01-03,133,9,2,4,3,1,7,8,5,10,6
2019-01-03,132,2,9,10,5,6,1,3,8,7,4
2019-01-03,131,7,9,8,4,5,10,6,2,1,3
2019-01-03,130,2,7,3,5,8,1,9,4,10,6
2019-01-03,129,7,5,1,4,9,6,3,8,10,2
2019-01-03,128,7,6,1,5,4,8,2,10,3,9
2019-01-03,127,8,10,2,1,4,5,9,6,3,7
2019-01-03,126,7,9,5,2,4,3,10,1,8,6
2019-01-03,125,3,6,1,10,9,4,7,8,5,2
2019-01-03,124,2,6,4,7,1,3,8,9,10,5
2019-01-03,123,10,7,2,3,5,6,1,4,9,8
2019-01-03,122,10,9,1,2,4,6,7,5,8,3
2019-01-03,121,5,6,10,1,8,2,7,9,4,3
2019-01-03,120,5,6,1,10,4,7,9,3,2,8
2019-01-03,119,2,3,6,5,8,10,1,4,7,9
2019-01-03,118,3,2,7,4,8,6,10,1,5,9
2019-01-03,117,2,5,6,8,9,1,10,7,3,4
2019-01-03,116,10,3,9,6,2,4,8,7,5,1
2019-01-03,115,2,9,4,6,7,3,10,1,8,5
2019-01-03,114,5,1,3,10,7,9,8,2,6,4
2019-01-03,113,5,2,7,1,3,9,8,6,10,4
2019-01-03,112,7,9,3,10,8,6,4,5,2,1
2019-01-03,111,10,5,4,8,2,1,7,9,6,3
2019-01-03,110,9,1,8,7,2,3,6,4,5,10
2019-01-03,109,9,1,7,8,4,10,3,2,6,5
2019-01-03,108,8,4,6,9,2,7,3,5,10,1
2019-01-03,107,7,2,1,5,10,8,6,3,9,4
2019-01-03,106,3,5,6,2,4,9,7,1,8,10
2019-01-03,105,10,6,3,5,1,8,7,2,9,4
2019-01-03,104,8,7,1,9,10,4,3,5,6,2
2019-01-03,103,3,2,7,4,9,8,5,10,6,1
2019-01-03,102,7,9,5,8,3,1,4,2,6,10
2019-01-03,101,1,9,5,6,7,4,2,3,8,10
2019-01-03,100,6,5,9,7,3,10,1,8,2,4
2019-01-03,99,1,10,3,6,9,4,8,7,2,5
2019-01-03,98,6,8,7,4,5,3,9,1,10,2
2019-01-03,97,1,6,2,8,5,4,10,7,3,9
2019-01-03,96,3,6,9,7,10,4,5,8,2,1
2019-01-03,95,5,4,3,8,6,1,9,10,7,2
2019-01-03,94,7,9,6,10,4,2,1,8,3,5
2019-01-03,93,6,1,4,7,8,2,3,10,5,9
2019-01-03,92,4,8,6,5,7,2,10,3,1,9
2019-01-03,91,8,2,4,9,3,7,1,10,6,5
2019-01-03,90,9,10,5,6,1,7,2,3,4,8
2019-01-03,89,3,6,10,1,8,4,2,7,9,5
2019-01-03,88,8,3,5,2,10,6,7,9,1,4
2019-01-03,87,9,3,5,8,6,7,1,2,10,4
2019-01-03,86,7,1,4,2,5,10,3,8,6,9
2019-01-03,85,1,3,9,7,8,2,10,5,6,4
2019-01-03,84,5,2,10,6,4,3,1,8,7,9
2019-01-03,83,6,5,4,10,7,9,1,8,3,2
2019-01-03,82,6,7,10,2,4,9,5,3,1,8
2019-01-03,81,6,7,8,3,10,2,1,4,9,5
2019-01-03,80,3,5,6,8,2,10,7,4,1,9
2019-01-03,79,9,10,4,7,5,2,1,3,6,8
2019-01-03,78,8,1,10,5,6,7,2,9,4,3
2019-01-03,77,2,5,10,6,4,1,3,7,9,8
2019-01-03,76,1,5,6,3,10,4,2,7,9,8
2019-01-03,75,7,3,1,10,2,8,5,4,6,9
2019-01-03,74,8,1,7,5,9,2,6,4,3,10
2019-01-03,73,8,1,10,9,2,6,5,4,3,7
2019-01-03,72,4,6,5,2,3,7,8,1,10,9
2019-01-03,71,7,5,1,10,3,4,8,2,9,6
2019-01-03,70,10,7,8,2,9,6,3,5,1,4
2019-01-03,69,5,4,7,1,6,8,10,3,9,2
2019-01-03,68,5,7,10,8,6,9,3,4,1,2
2019-01-03,67,7,5,10,3,8,2,4,1,9,6
2019-01-03,66,2,9,10,4,7,1,6,3,8,5
2019-01-03,65,9,1,5,10,3,4,6,2,8,7
2019-01-03,64,8,10,5,7,2,4,6,3,9,1
2019-01-03,63,5,3,10,1,7,9,4,6,2,8
2019-01-03,62,9,10,5,2,7,1,4,8,3,6
2019-01-03,61,3,4,10,8,9,7,2,6,1,5
2019-01-03,60,3,1,7,6,4,5,9,10,8,2
2019-01-03,59,7,6,4,10,3,8,1,5,9,2
2019-01-03,58,5,6,10,4,9,3,2,7,8,1
2019-01-03,57,7,10,6,4,1,8,3,9,2,5
2019-01-03,56,7,4,6,5,2,9,1,10,8,3
2019-01-03,55,1,9,3,2,8,6,10,5,4,7
2019-01-03,54,1,4,7,6,3,9,5,2,10,8
2019-01-03,53,7,3,10,2,1,6,4,5,9,8
2019-01-03,52,2,1,5,9,3,4,7,10,8,6
2019-01-03,51,3,8,1,7,4,10,6,9,5,2
2019-01-03,50,3,5,7,8,4,2,9,1,6,10
2019-01-03,49,7,5,1,8,10,2,6,4,3,9
2019-01-03,48,4,6,1,7,2,3,5,10,9,8
2019-01-03,47,5,2,1,10,4,6,7,3,8,9
2019-01-03,46,7,2,9,5,6,4,8,3,1,10
2019-01-03,45,3,10,5,2,8,4,9,7,1,6
2019-01-03,44,9,2,6,3,1,7,10,8,4,5
2019-01-03,43,7,5,10,8,1,9,6,4,3,2
2019-01-03,42,2,4,7,10,5,9,8,6,3,1
2019-01-03,41,1,10,5,3,2,6,7,9,8,4
2019-01-03,40,6,9,8,1,4,3,10,2,5,7
2019-01-03,39,3,9,8,7,1,5,4,6,10,2
2019-01-03,38,5,3,4,1,6,2,10,9,7,8
2019-01-03,37,5,2,7,8,1,4,10,3,6,9
2019-01-03,36,3,4,7,8,1,9,2,5,10,6
2019-01-03,35,6,10,5,9,3,7,8,2,4,1
2019-01-03,34,1,8,2,3,4,9,7,10,6,5
2019-01-03,33,10,5,4,2,1,8,3,9,7,6
2019-01-03,32,2,9,8,10,6,3,1,7,4,5
2019-01-03,31,3,7,8,9,1,10,5,6,2,4
2019-01-03,30,10,5,1,4,9,2,3,7,6,8
2019-01-03,29,5,4,8,3,2,10,1,6,9,7
2019-01-03,28,6,5,8,9,4,2,3,7,1,10
2019-01-03,27,3,5,4,7,2,10,8,9,1,6
2019-01-03,26,7,5,3,8,2,9,1,10,4,6
2019-01-03,25,1,7,2,6,3,9,10,8,5,4
2019-01-03,24,10,7,6,5,1,3,8,9,2,4
2019-01-03,23,8,9,5,3,10,4,1,6,7,2
2019-01-03,22,1,5,6,10,3,4,9,8,7,2
2019-01-03,21,5,10,6,2,3,9,8,1,4,7
2019-01-03,20,9,3,10,7,4,6,8,1,2,5
2019-01-03,19,7,6,9,3,1,10,5,8,2,4
2019-01-03,18,4,6,1,10,8,7,5,2,3,9
2019-01-03,17,6,5,10,4,9,1,2,8,7,3
2019-01-03,16,8,3,2,10,5,9,7,1,4,6
2019-01-03,15,1,4,5,6,7,8,3,9,2,10
2019-01-03,14,8,10,3,2,1,7,6,5,4,9
2019-01-03,13,8,9,10,7,2,4,6,5,1,3
2019-01-03,12,9,4,5,2,10,8,7,3,6,1
2019-01-03,11,4,2,10,1,6,3,5,8,9,7
2019-01-03,10,7,5,6,2,10,1,9,3,4,8
2019-01-03,9,2,9,5,4,1,8,10,6,3,7
2019-01-03,8,8,3,9,4,7,1,10,6,5,2
2019-01-03,7,10,6,7,3,9,2,5,8,1,4
2019-01-03,6,9,2,4,1,5,10,7,3,8,6
2019-01-03,5,7,5,3,10,8,4,2,6,1,9
2019-01-03,4,6,1,4,8,5,2,3,10,9,7
2019-01-03,3,7,10,2,3,4,8,5,9,6,1
2019-01-03,2,2,7,5,6,1,10,8,3,4,9
2019-01-03,1,7,10,6,9,1,8,5,4,2,3
2019-01-02,180,3,8,6,1,9,7,5,10,4,2
2019-01-02,179,8,9,5,4,10,1,7,2,3,6
2019-01-02,178,1,8,9,7,2,10,5,3,6,4
2019-01-02,177,1,7,8,2,5,6,10,9,3,4
2019-01-02,176,3,1,6,10,7,4,5,8,2,9
2019-01-02,175,5,1,8,9,4,6,2,3,7,10
2019-01-02,174,9,10,5,4,2,6,8,7,3,1
2019-01-02,173,6,5,1,9,3,4,7,2,8,10
2019-01-02,172,1,9,5,8,6,2,7,3,10,4
2019-01-02,171,2,9,10,3,1,7,6,5,8,4
2019-01-02,170,4,6,7,5,2,1,10,3,8,9
2019-01-02,169,8,9,7,5,1,10,4,6,3,2
2019-01-02,168,10,8,4,6,9,5,1,7,3,2
2019-01-02,167,8,3,2,4,5,7,9,6,10,1
2019-01-02,166,4,6,1,3,2,10,9,8,5,7
2019-01-02,165,1,4,7,6,5,10,3,8,2,9
2019-01-02,164,2,8,6,10,7,1,5,4,9,3
2019-01-02,163,9,5,7,1,8,2,3,6,4,10
2019-01-02,162,10,7,3,1,8,2,9,5,4,6
2019-01-02,161,9,8,1,6,2,7,5,3,4,10
2019-01-02,160,5,3,10,4,8,1,6,9,2,7
2019-01-02,159,1,9,10,2,7,5,3,4,6,8
2019-01-02,158,10,2,7,8,5,6,9,1,4,3
2019-01-02,157,8,9,2,6,4,1,10,3,7,5
2019-01-02,156,2,4,7,6,8,3,10,5,9,1
2019-01-02,155,6,5,4,10,9,3,1,2,7,8
2019-01-02,154,6,9,7,2,5,10,8,1,3,4
2019-01-02,153,1,10,4,8,7,3,2,5,6,9
2019-01-02,152,9,7,6,10,4,3,5,2,1,8
2019-01-02,151,1,6,7,8,4,9,10,3,2,5
2019-01-02,150,7,5,4,3,1,2,9,8,10,6
2019-01-02,149,6,8,3,9,10,2,7,4,5,1
2019-01-02,148,2,4,6,3,8,1,10,7,9,5
2019-01-02,147,7,3,4,1,9,10,5,6,2,8
2019-01-02,146,5,9,8,2,1,6,7,4,3,10
2019-01-02,145,4,2,10,6,3,8,7,5,1,9
2019-01-02,144,1,4,6,7,5,3,2,8,9,10
2019-01-02,143,6,4,9,5,1,10,8,7,2,3
2019-01-02,142,5,1,2,6,10,7,3,8,9,4
2019-01-02,141,1,6,10,4,2,5,3,9,8,7
2019-01-02,140,7,8,4,3,6,9,5,1,2,10
2019-01-02,139,9,1,10,8,4,6,2,3,5,7
2019-01-02,138,4,6,7,8,10,3,9,1,5,2
2019-01-02,137,6,2,1,5,8,9,3,10,4,7
2019-01-02,136,9,2,5,6,7,1,4,10,8,3
2019-01-02,135,10,1,2,7,4,8,9,5,3,6
2019-01-02,134,7,2,5,8,6,3,4,10,9,1
2019-01-02,133,10,4,8,9,1,2,3,5,6,7
2019-01-02,132,8,10,6,1,7,3,4,9,5,2
2019-01-02,131,2,6,5,1,10,4,8,7,9,3
2019-01-02,130,7,5,6,3,9,10,4,8,1,2
2019-01-02,129,4,3,1,5,9,7,10,6,2,8
2019-01-02,128,6,3,1,7,8,5,9,2,4,10
2019-01-02,127,4,9,10,5,3,8,2,7,6,1
2019-01-02,126,1,5,6,10,9,3,8,4,7,2
2019-01-02,125,1,10,7,2,6,4,8,3,5,9
2019-01-02,124,8,2,5,3,9,4,1,7,6,10
2019-01-02,123,6,1,10,2,8,7,3,5,9,4
2019-01-02,122,6,4,2,3,9,1,8,10,5,7
2019-01-02,121,2,8,10,6,4,5,9,7,1,3
2019-01-02,120,1,2,7,9,10,6,5,8,4,3
2019-01-02,119,1,6,5,7,4,8,9,10,3,2
2019-01-02,118,3,7,4,2,9,10,1,8,5,6
2019-01-02,117,8,7,1,6,3,10,2,4,9,5
2019-01-02,116,7,1,6,9,2,5,8,3,4,10
2019-01-02,115,9,6,1,4,5,3,8,10,7,2
2019-01-02,114,4,9,2,1,3,8,7,6,10,5
2019-01-02,113,7,10,1,5,8,9,2,4,6,3
2019-01-02,112,7,10,3,4,5,2,8,1,6,9
2019-01-02,111,1,8,9,4,10,2,5,3,7,6
2019-01-02,110,10,1,7,4,3,8,6,5,9,2
2019-01-02,109,2,1,6,5,10,9,8,3,7,4
2019-01-02,108,10,2,3,1,8,9,6,4,5,7
2019-01-02,107,8,4,7,6,2,9,5,3,1,10
2019-01-02,106,2,8,7,3,9,10,6,4,1,5
2019-01-02,105,2,8,5,10,6,4,9,7,1,3
2019-01-02,104,7,1,9,10,5,8,3,4,6,2
2019-01-02,103,10,3,1,8,9,4,2,7,6,5
2019-01-02,102,8,2,6,4,1,10,9,5,3,7
2019-01-02,101,1,5,4,3,9,10,8,7,6,2
2019-01-02,100,5,4,7,3,10,9,6,1,2,8
2019-01-02,99,2,7,9,10,3,1,4,6,8,5
2019-01-02,98,7,9,6,1,8,3,5,10,2,4
2019-01-02,97,9,2,6,8,3,4,1,10,7,5
2019-01-02,96,8,5,9,7,6,4,10,2,1,3
2019-01-02,95,1,6,4,10,9,5,3,2,8,7
2019-01-02,94,6,5,1,10,7,3,9,4,2,8
2019-01-02,93,5,8,6,10,3,2,7,9,4,1
2019-01-02,92,6,7,4,1,8,9,2,10,5,3
2019-01-02,91,6,9,2,5,7,10,8,4,3,1
2019-01-02,90,5,6,4,2,8,7,9,10,3,1
2019-01-02,89,9,5,8,4,10,7,1,2,6,3
2019-01-02,88,8,4,9,6,10,5,7,1,2,3
2019-01-02,87,5,4,7,9,1,8,2,6,10,3
2019-01-02,86,5,9,4,1,3,7,2,6,10,8
2019-01-02,85,8,7,10,9,4,3,6,1,5,2
2019-01-02,84,10,5,1,2,4,8,3,6,7,9
2019-01-02,83,8,9,2,6,4,5,10,3,1,7
2019-01-02,82,3,8,4,1,9,5,6,2,10,7
2019-01-02,81,5,8,7,9,10,4,3,1,6,2
2019-01-02,80,1,9,6,5,4,7,2,8,10,3
2019-01-02,79,10,7,3,5,8,1,6,2,4,9
2019-01-02,78,8,7,1,2,6,5,3,10,4,9
2019-01-02,77,7,9,8,2,10,1,5,4,6,3
2019-01-02,76,8,5,1,9,3,2,7,6,4,10
2019-01-02,75,7,9,8,1,2,6,4,3,5,10
2019-01-02,74,5,4,1,8,3,2,6,9,10,7
2019-01-02,73,10,6,7,3,5,8,9,4,1,2
2019-01-02,72,7,1,9,3,4,2,10,5,6,8
2019-01-02,71,10,2,8,7,3,4,5,1,6,9
2019-01-02,70,7,4,9,8,1,3,2,6,5,10
2019-01-02,69,1,6,5,9,7,10,4,2,8,3
2019-01-02,68,8,6,1,4,7,2,9,3,10,5
2019-01-02,67,1,5,6,3,10,8,7,2,4,9
2019-01-02,66,10,9,1,3,5,6,8,7,4,2
2019-01-02,65,8,10,7,2,3,6,4,9,1,5
2019-01-02,64,10,1,7,4,9,3,5,2,8,6
2019-01-02,63,2,1,6,3,4,7,5,8,9,10
2019-01-02,62,7,6,2,5,3,8,9,1,4,10
2019-01-02,61,1,3,4,10,8,9,5,2,6,7
2019-01-02,60,5,3,2,7,8,10,1,6,9,4
2019-01-02,59,10,1,6,4,3,5,7,2,8,9
2019-01-02,58,10,2,4,3,6,7,5,8,1,9
2019-01-02,57,5,4,8,6,3,9,7,2,10,1
2019-01-02,56,4,10,8,1,5,2,3,7,9,6
2019-01-02,55,6,2,10,4,5,7,8,3,9,1
2019-01-02,54,3,8,7,2,4,5,9,1,10,6
2019-01-02,53,1,9,10,7,2,3,6,5,8,4
2019-01-02,52,3,6,4,1,10,9,7,2,8,5
2019-01-02,51,9,5,10,3,2,1,6,8,4,7
2019-01-02,50,5,2,4,1,7,9,8,3,6,10
2019-01-02,49,7,4,2,1,3,9,10,8,6,5
2019-01-02,48,3,6,2,10,1,8,5,4,9,7
2019-01-02,47,3,9,10,1,7,8,5,2,6,4
2019-01-02,46,10,7,9,4,5,3,8,1,6,2
2019-01-02,45,6,7,5,3,2,9,1,4,8,10
2019-01-02,44,2,4,10,8,9,5,3,7,1,6
2019-01-02,43,2,10,3,4,5,7,9,1,8,6
2019-01-02,42,1,8,3,10,9,4,7,5,2,6
2019-01-02,41,8,10,9,7,1,4,5,6,2,3
2019-01-02,40,6,8,1,2,3,10,4,7,9,5
2019-01-02,39,7,2,6,9,8,5,3,10,4,1
2019-01-02,38,3,7,9,1,5,4,8,10,6,2
2019-01-02,37,6,10,4,2,3,5,9,8,7,1
2019-01-02,36,9,3,5,8,1,7,6,2,4,10
2019-01-02,35,2,6,7,10,1,4,5,3,9,8
2019-01-02,34,6,1,5,3,8,2,9,7,10,4
2019-01-02,33,3,9,10,6,7,2,8,4,1,5
2019-01-02,32,7,2,9,8,10,4,1,6,5,3
2019-01-02,31,2,5,9,7,3,4,6,1,8,10
2019-01-02,30,7,10,5,6,4,8,3,1,9,2
2019-01-02,29,4,6,3,10,8,2,9,5,1,7
2019-01-02,28,3,2,9,4,1,10,6,8,7,5
2019-01-02,27,9,7,4,10,5,2,8,3,6,1
2019-01-02,26,7,5,6,1,10,4,3,2,9,8
2019-01-02,25,2,9,6,8,5,10,7,1,3,4
2019-01-02,24,8,2,3,1,4,6,7,10,5,9
2019-01-02,23,8,10,5,9,7,2,1,3,6,4
2019-01-02,22,4,5,10,7,1,3,2,8,6,9
2019-01-02,21,2,10,1,5,9,7,6,4,3,8
2019-01-02,20,8,9,3,2,10,4,6,7,1,5
2019-01-02,19,3,4,7,5,2,9,1,6,10,8
2019-01-02,18,10,2,4,1,8,9,7,6,5,3
2019-01-02,17,1,8,5,3,2,6,7,10,9,4
2019-01-02,16,5,2,7,8,6,1,3,9,4,10
2019-01-02,15,9,7,1,6,10,5,2,3,8,4
2019-01-02,14,10,9,8,4,1,3,6,5,7,2
2019-01-02,13,10,8,5,4,2,7,9,3,6,1
2019-01-02,12,3,1,5,7,6,4,2,9,10,8
2019-01-02,11,10,1,9,4,2,6,3,7,5,8
2019-01-02,10,6,4,2,3,1,5,10,8,9,7
2019-01-02,9,3,9,1,2,10,6,4,7,8,5
2019-01-02,8,7,1,5,10,6,3,2,8,9,4
2019-01-02,7,5,6,3,1,4,10,2,7,9,8
2019-01-02,6,5,7,2,10,1,9,8,4,6,3
2019-01-02,5,10,2,5,3,9,6,4,8,7,1
2019-01-02,4,10,4,5,1,3,7,2,8,9,6
2019-01-02,3,3,9,8,6,10,1,2,5,7,4
2019-01-02,2,10,9,8,7,5,2,1,6,4,3
2019-01-02,1,3,6,4,10,8,2,7,9,5,1
2019-01-01,180,6,1,3,10,4,9,2,5,7,8
2019-01-01,179,1,9,4,7,8,2,10,3,6,5
2019-01-01,178,3,1,6,5,10,2,7,8,4,9
2019-01-01,177,9,5,1,6,8,3,2,4,10,7
2019-01-01,176,10,4,2,9,3,8,7,5,6,1
2019-01-01,175,6,10,8,1,2,5,3,4,7,9
2019-01-01,174,4,5,9,10,3,8,6,7,2,1
2019-01-01,173,4,9,3,2,8,7,5,1,6,10
2019-01-01,172,9,10,6,1,3,7,2,5,8,4
2019-01-01,171,4,5,7,1,6,3,8,2,10,9
2019-01-01,170,5,9,6,4,3,10,7,8,2,1
2019-01-01,169,9,2,1,7,10,8,6,4,3,5
2019-01-01,168,4,10,2,7,9,5,8,3,6,1
2019-01-01,167,2,8,1,3,9,5,6,10,4,7
2019-01-01,166,7,8,6,10,3,5,4,2,9,1
2019-01-01,165,7,10,3,4,8,9,6,1,2,5
2019-01-01,164,2,10,4,3,9,1,6,8,5,7
2019-01-01,163,2,7,5,8,9,6,10,4,3,1
2019-01-01,162,10,2,8,3,7,1,9,5,4,6
2019-01-01,161,2,7,10,6,5,8,9,4,1,3
2019-01-01,160,10,4,5,3,6,1,9,7,8,2
2019-01-01,159,10,8,1,7,9,2,5,4,6,3
2019-01-01,158,2,3,10,8,7,1,5,9,4,6
2019-01-01,157,1,6,9,5,3,4,10,8,7,2
2019-01-01,156,1,10,6,4,9,7,2,3,5,8
2019-01-01,155,8,10,6,1,7,9,4,3,5,2
2019-01-01,154,9,3,6,5,10,4,8,2,7,1
2019-01-01,153,1,6,2,9,10,8,3,4,7,5
2019-01-01,152,6,10,7,3,9,8,1,4,2,5
2019-01-01,151,3,6,7,9,10,2,5,4,8,1
2019-01-01,150,1,2,3,7,8,5,9,6,10,4
2019-01-01,149,3,5,1,6,4,7,8,9,10,2
2019-01-01,148,8,6,3,9,10,2,1,5,4,7
2019-01-01,147,5,6,7,8,1,3,10,9,2,4
2019-01-01,146,9,6,8,3,7,5,10,1,2,4
2019-01-01,145,8,1,2,9,6,3,10,5,7,4
2019-01-01,144,6,9,3,10,7,8,5,4,2,1
2019-01-01,143,7,3,9,2,10,4,5,1,8,6
2019-01-01,142,10,4,2,9,1,8,3,6,7,5
2019-01-01,141,4,1,3,2,6,8,9,10,5,7
2019-01-01,140,2,10,5,4,9,3,8,1,7,6
2019-01-01,139,9,5,10,4,6,1,7,2,3,8
2019-01-01,138,4,1,10,3,8,9,6,7,2,5
2019-01-01,137,3,1,5,2,7,9,6,8,4,10
2019-01-01,136,10,2,8,7,1,6,3,4,9,5
2019-01-01,135,4,1,10,3,7,2,5,6,9,8
2019-01-01,134,2,10,8,1,9,5,4,7,6,3
2019-01-01,133,7,2,9,6,4,3,10,5,1,8
2019-01-01,132,4,6,1,3,9,10,7,5,8,2
2019-01-01,131,3,7,5,1,4,2,10,6,8,9
2019-01-01,130,6,5,2,1,9,8,7,4,3,10
2019-01-01,129,8,4,5,1,2,10,6,3,9,7
2019-01-01,128,9,6,3,7,4,8,10,2,1,5
2019-01-01,127,2,9,10,7,1,3,8,6,5,4
2019-01-01,126,1,3,7,10,5,6,2,9,4,8
2019-01-01,125,4,2,6,10,3,7,8,9,5,1
2019-01-01,124,4,8,10,9,7,2,5,1,3,6
2019-01-01,123,7,4,3,8,1,10,5,6,2,9
2019-01-01,122,1,10,2,6,3,4,9,5,8,7
2019-01-01,121,6,8,5,7,1,9,2,4,10,3
2019-01-01,120,1,5,4,2,8,7,9,10,3,6
2019-01-01,119,8,2,4,10,3,7,6,5,1,9
2019-01-01,118,1,2,7,3,6,10,9,4,5,8
2019-01-01,117,4,6,1,9,2,10,7,5,3,8
2019-01-01,116,6,1,10,3,2,5,8,9,4,7
2019-01-01,115,2,10,9,1,3,6,5,7,4,8
2019-01-01,114,3,9,10,5,2,1,6,8,7,4
2019-01-01,113,10,8,9,1,3,2,5,6,4,7
2019-01-01,112,8,6,7,5,1,10,2,3,4,9
2019-01-01,111,8,10,5,2,6,4,1,7,9,3
2019-01-01,110,1,6,7,2,5,9,8,4,3,10
2019-01-01,109,8,5,1,4,9,6,2,3,10,7
2019-01-01,108,7,9,5,8,4,1,6,3,2,10
2019-01-01,107,7,5,9,4,10,3,1,2,8,6
2019-01-01,106,1,2,7,6,5,4,10,3,8,9
2019-01-01,105,6,2,1,7,5,3,10,4,8,9
2019-01-01,104,10,9,1,2,3,4,6,7,5,8
2019-01-01,103,7,2,10,5,4,8,9,3,1,6
2019-01-01,102,2,10,1,5,3,9,7,4,6,8
2019-01-01,101,4,10,8,7,9,1,6,5,3,2
2019-01-01,100,7,6,8,2,3,1,4,9,5,10
2019-01-01,99,7,6,3,2,8,10,5,9,1,4
2019-01-01,98,3,10,6,4,1,7,2,8,5,9
2019-01-01,97,10,6,8,1,7,5,9,3,4,2
2019-01-01,96,1,4,10,9,5,7,3,6,2,8
2019-01-01,95,7,10,5,1,8,3,4,6,9,2
2019-01-01,94,6,8,3,2,5,9,4,7,1,10
2019-01-01,93,1,2,4,7,9,5,10,3,8,6
2019-01-01,92,5,7,10,1,9,8,2,4,6,3
2019-01-01,91,5,8,7,10,4,9,1,3,6,2
2019-01-01,90,8,5,4,1,6,7,2,3,10,9
2019-01-01,89,2,1,4,6,10,8,9,3,5,7
2019-01-01,88,5,10,2,6,7,1,4,9,3,8
2019-01-01,87,9,2,10,8,7,4,1,5,3,6
2019-01-01,86,2,10,7,1,3,6,5,4,9,8
2019-01-01,85,2,9,7,3,6,1,10,4,5,8
2019-01-01,84,3,8,6,2,1,5,9,10,4,7
2019-01-01,83,8,7,6,2,3,9,10,1,4,5
2019-01-01,82,10,7,5,2,8,9,3,1,6,4
2019-01-01,81,7,10,8,9,2,3,1,6,4,5
2019-01-01,80,10,6,2,4,8,7,1,5,9,3
2019-01-01,79,8,2,5,4,3,6,9,7,1,10
2019-01-01,78,8,1,7,3,4,2,6,9,5,10
2019-01-01,77,6,8,4,1,7,9,3,2,5,10
2019-01-01,76,6,1,2,10,8,5,4,3,7,9
2019-01-01,75,8,10,4,9,3,1,5,7,2,6
2019-01-01,74,7,6,5,9,8,10,1,4,3,2
2019-01-01,73,10,8,5,6,7,9,1,3,2,4
2019-01-01,72,7,2,5,8,3,6,1,4,9,10
2019-01-01,71,8,6,9,5,4,7,10,3,1,2
2019-01-01,70,1,8,6,5,9,7,4,3,10,2
2019-01-01,69,9,7,2,3,5,1,4,10,8,6
2019-01-01,68,8,10,7,4,9,6,1,5,2,3
2019-01-01,67,2,6,10,4,1,9,7,8,3,5
2019-01-01,66,3,6,9,5,7,8,10,4,2,1
2019-01-01,65,7,5,8,6,9,4,2,3,1,10
2019-01-01,64,6,4,3,9,8,2,7,10,1,5
2019-01-01,63,3,1,8,6,9,4,5,10,7,2
2019-01-01,62,6,1,5,9,10,8,2,4,3,7
2019-01-01,61,7,10,8,9,6,4,1,3,5,2
2019-01-01,60,7,10,3,5,8,1,2,6,4,9
2019-01-01,59,4,1,6,2,3,5,9,10,8,7
2019-01-01,58,2,6,10,1,3,9,5,7,4,8
2019-01-01,57,6,5,7,4,2,3,8,1,9,10
2019-01-01,56,8,7,9,5,6,4,2,3,1,10
2019-01-01,55,9,6,5,1,2,3,10,8,7,4
2019-01-01,54,2,10,9,1,8,3,7,4,5,6
2019-01-01,53,8,4,7,5,6,9,2,1,3,10
2019-01-01,52,6,3,1,5,10,9,8,7,2,4
2019-01-01,51,6,9,2,1,8,3,7,5,10,4
2019-01-01,50,1,8,10,7,5,2,9,3,6,4
2019-01-01,49,10,7,3,2,4,8,1,6,5,9
2019-01-01,48,9,5,4,7,2,10,8,6,3,1
2019-01-01,47,9,5,7,1,4,3,10,8,6,2
2019-01-01,46,9,10,2,6,4,3,5,7,1,8
2019-01-01,45,7,5,3,1,6,8,9,4,2,10
2019-01-01,44,10,6,7,3,9,5,8,4,1,2
2019-01-01,43,2,8,1,9,10,3,7,6,4,5
2019-01-01,42,7,2,5,6,8,4,9,1,10,3
2019-01-01,41,9,4,5,10,3,6,7,8,1,2
2019-01-01,40,5,8,10,9,4,7,2,1,6,3
2019-01-01,39,9,6,8,7,5,3,10,4,2,1
2019-01-01,38,1,4,9,10,2,3,6,5,8,7
2019-01-01,37,7,4,6,2,1,10,3,5,8,9
2019-01-01,36,2,5,1,8,4,10,7,9,3,6
2019-01-01,35,9,1,6,3,2,10,7,5,4,8
2019-01-01,34,8,10,9,2,1,6,5,4,3,7
2019-01-01,33,4,5,8,7,9,1,6,3,10,2
2019-01-01,32,6,4,3,10,2,5,7,9,1,8
2019-01-01,31,6,5,8,4,3,10,1,2,9,7
2019-01-01,30,5,6,7,10,4,8,3,2,1,9
2019-01-01,29,3,5,6,9,2,7,8,4,1,10
2019-01-01,28,9,7,8,10,6,1,2,5,4,3
2019-01-01,27,7,9,5,4,1,10,8,3,6,2
2019-01-01,26,5,6,2,4,7,3,9,1,8,10
2019-01-01,25,1,5,9,8,10,2,6,7,4,3
2019-01-01,24,1,2,7,6,3,10,9,4,5,8
2019-01-01,23,10,9,6,2,1,3,8,5,4,7
2019-01-01,22,3,9,6,4,10,7,1,8,5,2
2019-01-01,21,2,9,5,7,1,8,4,6,3,10
2019-01-01,20,3,5,2,7,6,4,9,1,8,10
2019-01-01,19,2,10,3,9,1,4,5,7,6,8
2019-01-01,18,8,9,7,2,6,10,3,5,4,1
2019-01-01,17,10,7,4,6,5,9,8,3,1,2
2019-01-01,16,1,7,6,9,4,8,5,10,3,2
2019-01-01,15,1,9,3,8,7,5,6,10,2,4
2019-01-01,14,4,5,2,8,7,9,6,1,10,3
2019-01-01,13,10,5,3,2,9,7,8,4,6,1
2019-01-01,12,6,10,3,8,1,9,5,4,7,2
2019-01-01,11,10,7,8,2,9,4,3,5,6,1
2019-01-01,10,4,3,5,7,9,6,2,10,1,8
2019-01-01,9,8,5,4,6,7,1,2,9,10,3
2019-01-01,8,3,10,8,5,1,7,9,6,2,4
2019-01-01,7,1,6,8,4,10,9,7,3,5,2
2019-01-01,6,7,4,6,8,1,2,9,3,5,10
2019-01-01,5,6,4,3,8,1,9,5,10,2,7
2019-01-01,4,9,7,10,5,8,1,4,3,6,2
2019-01-01,3,8,3,9,10,7,2,1,6,5,4
2019-01-01,2,3,6,9,10,1,2,4,8,5,7
2019-01-01,1,1,6,5,9,7,4,10,2,3,8
